neutral;2016-08-09 13:40;159,95;16,28;4,96;546,46;164,91;864;864;864;696;1469,33;1560;29,97;0,39;0,62;74,39;30,59;97,27;97,85;605,33;696
neutral;2016-08-09 13:45;160,17;15,59;4,68;587,24;164,85;882,67;876;876;736;1525,34;1612;33,88;0,44;0,59;78,73;34,47;95,7;97,85;642,67;736
neutral;2016-08-09 13:50;133,76;15,83;4,13;575,72;137,89;882,67;876;876;740;1520;1616;31,41;0,47;0,57;78,09;31,98;96,95;98,36;637,33;740
good;2016-08-09 13:55;141,55;8,91;4,2;599,78;145,75;964;904;904;680;1653,33;1584;29,66;0,49;0,56;60,11;30,22;96,37;98,84;689,33;680
good;2016-08-09 14:00;144,16;10,89;5,26;592,22;149,42;962,67;864;864;636;1654,67;1500;24,06;0,47;0,56;58,18;24,62;95,56;99,35;692;636
good;2016-08-09 14:05;6,95;10,18;6,95;592,22;149,42;938,67;744;744;584;1602,67;1328;28,42;0,46;0,57;54,13;28,99;96,3;98,57;664;584
neutral;2016-08-09 14:10;167,65;7,68;8,45;545,95;176,1;846,67;808;808;556;1448;1364;31,72;0,44;0,57;44,71;32,29;94,19;97,22;601,33;556
neutral;2016-08-09 14:15;178,62;7,76;9,58;561,41;188,2;828;772;772;560;1410,67;1332;37,2;0,48;0,55;53,07;37,75;92,98;96,53;582,67;560
neutral;2016-08-09 14:20;194,08;7,76;9,58;521,93;194,08;840;844;844;560;1422,67;1404;0,46;0,5;0,46;53,07;37,75;93,9;97,93;582,67;560
neutral;2016-08-09 14:25;177,78;7,83;7,8;584,02;185,58;834,67;704;704;580;1402,67;1284;34,02;0,52;0,37;56,56;34,39;93,79;98,59;568;580
good;2016-08-09 14:30;215,48;7,32;8,09;598,62;223,57;781,33;644;644;536;1333,33;1180;28,01;0,48;0,28;59,3;28,29;95,49;98,43;552;536
neutral;2016-08-09 14:35;261,29;5,47;7,82;670,02;269,11;781,33;644;644;536;1333,33;1180;32,88;0,48;0,28;68,7;32,88;95,24;99,15;552;536
bad;2016-08-09 14:40;264,64;11,05;8,48;657,87;273,12;741,33;668;668;412;1260;1080;33,84;0,45;0,28;73,03;34,12;93,46;96,74;518,67;412
bad;2016-08-09 14:45;261,76;12,59;7,42;751,49;269,18;728;660;660;296;1237,33;956;43,58;0,46;0,27;57,52;43,85;94,33;96,15;509,33;296
bad;2016-08-09 14:50;194,06;9,5;7,23;682,74;201,29;805,33;680;680;364;1310,66;1044;79,11;0,46;0,27;50,63;79,11;94,44;92,71;505,33;364
neutral;2016-08-09 14:55;162,49;8,46;11,34;637,01;173,83;780;572;572;448;1313,33;1020;67,27;0,52;0,26;50,95;67,53;94,74;95,24;533,33;448
neutral;2016-08-09 15:00;125,63;11,11;89,54;544,47;215,17;812;476;476;544;1332;1020;53,64;0,58;0,38;49,32;54,02;91,76;99,32;520;544
neutral;2016-08-09 15:05;135,96;10,38;135,96;544,47;215,17;821,33;440;440;696;1404;1136;22,82;0,58;0,38;51,93;22,82;91,76;100;582,67;696
neutral;2016-08-09 15:10;204,01;12,04;237,13;477,68;441,14;797,33;500;500;752;1418,66;1252;20,3;0,63;0,48;57,91;20,78;88;100;621,33;752
neutral;2016-08-09 15:15;185,5;10,83;293,91;441,93;479,41;858,67;576;576;784;1512;1360;20,48;0,61;0,5;57,91;20,98;92,31;100;653,33;784
neutral;2016-08-09 15:20;193,63;11,21;331,72;489,67;525,35;800;588;588;784;1453,33;1372;0,51;0,55;0,51;57,91;20,98;93,55;100;653,33;784
good;2016-08-09 15:25;196,45;6,27;347,57;501,39;544,02;810,67;792;792;636;1450,67;1428;22,6;0,51;0,51;62,5;23,11;95,93;100;640;636
good;2016-08-09 15:30;186,42;5,75;265,23;539,84;451,65;753,33;976;976;612;1377,33;1588;26,04;0,51;0,52;54,19;26,56;96,6;100;624;612
good;2016-08-09 15:35;186,42;5,75;265,23;539,84;451,65;790,67;980;980;576;1389,34;1556;25,16;0,51;0,48;53,62;25,64;95,5;98,7;598,67;576
neutral;2016-08-09 15:40;195,85;7,13;122,38;622,56;318,23;816;672;672;604;1421,33;1276;28,19;0,51;0,48;57,32;28,19;94,2;98,66;605,33;604
neutral;2016-08-09 15:45;338,31;6,8;95,59;586,18;433,9;886,67;520;520;568;1485,34;1088;27,81;0,45;0,47;72,62;28,28;91,23;96,2;598,67;568
neutral;2016-08-09 15:50;338,31;6,8;95,59;586,18;433,9;837,33;588;588;672;1438,66;1260;28,41;0,42;0,46;72,62;28,87;88,89;97,08;601,33;672
neutral;2016-08-09 15:55;391,55;8,35;113,78;519,26;505,33;858,67;580;580;760;1464;1340;25,58;0,44;0,47;67,42;26,05;90,52;97,38;605,33;760
neutral;2016-08-09 16:00;367,37;8,77;136,59;554,29;503,96;840;756;756;728;1440;1484;22,05;0,49;0,5;57,12;22,55;88,54;99,43;600;728
neutral;2016-08-09 16:05;367,37;8,77;136,59;554,29;503,96;873,33;916;916;632;1438,66;1548;22,67;0,49;0,53;64,69;23,2;88,73;100;565,33;632
neutral;2016-08-09 16:10;303,49;9,6;96,92;596,37;400,41;817,33;1044;1044;552;1356;1596;29,24;0,52;0,55;60,43;29,79;88,73;100;538,67;552
neutral;2016-08-09 16:15;216,76;9,93;56,64;543,11;273,4;777,33;948;948;516;1332;1464;33,25;0,53;0,54;57,26;33,79;92,41;100;554,67;516
neutral;2016-08-09 16:20;187,43;10,13;19,53;507,79;206,96;777,33;948;948;516;1332;1464;30,88;2,03;0,55;52,88;31,43;94,2;100;554,67;516
good;2016-08-09 16:25;169,67;8,37;10,8;500,1;180,47;746,67;956;956;636;1337,34;1592;49,01;0,5;0,55;55,89;49,56;97,5;98,12;590,67;636
good;2016-08-09 16:30;200,07;9,2;11,78;503,17;211,85;826,67;920;920;656;1404;1576;52,45;0,49;0,55;51,54;53;96,98;98,16;577,33;656
good;2016-08-09 16:35;8,83;12,51;8,83;503,17;211,85;868;896;896;656;1445,33;1552;0,56;0,55;0,56;51,54;53;95,74;98,16;577,33;656
good;2016-08-09 16:40;239,4;12,33;10,18;579,17;249,58;814,67;788;788;500;1320;1288;40,11;0,56;0,45;43,37;40,56;95,83;98,43;505,33;500
good;2016-08-09 16:45;237,54;11,69;6,22;595,92;243,76;709,33;724;724;480;1154,66;1204;31,08;0,55;0,4;39,02;31,48;95,04;99,17;445,33;480
neutral;2016-08-09 16:50;261,22;6,93;8,01;596,24;269,23;629,33;568;568;480;1074,66;1048;33,09;0,59;0,39;44,49;33,48;94,68;100;445,33;480
neutral;2016-08-09 16:55;8,42;6,86;8,42;596,24;269,23;580;404;404;428;982,67;832;28,89;0,6;0,48;48,37;29,37;94,68;100;402,67;428
bad;2016-08-09 17:00;451,11;12,53;11;792,27;462,11;548;332;332;392;937,33;724;29,27;0,66;0,52;70,43;29,79;92,11;100;389,33;392
bad;2016-08-09 17:05;9,84;14,26;9,84;792,27;462,11;548;332;332;356;873,33;688;0,55;0,66;0,55;70,43;29,79;94,44;98,61;325,33;356
bad;2016-08-09 17:10;451,97;14,26;9,84;914,57;451,97;469,33;356;356;308;724;664;32,83;0,62;0,57;65,36;33,4;90,36;92,42;254,67;308
bad;2016-08-09 17:15;417,28;17,32;7,97;844,45;425,25;426,67;356;356;260;624;616;29,46;0,6;0,59;64,78;30,05;90,14;92,06;197,33;260
bad;2016-08-09 17:20;249,32;11,51;5,93;861,94;255,25;440;420;420;240;629,33;660;24,01;0,6;0,59;61,29;24,01;89,41;100;189,33;240
neutral;2016-08-09 17:25;256,99;12,49;4,75;964,77;261,74;452;480;480;208;668;688;29,75;0,59;0,59;63,78;30,34;95,7;100;216;208
bad;2016-08-09 17:30;227,09;7,47;4,58;901,49;231,67;500;568;568;220;741,33;788;38,58;0,64;0,56;41,85;39,14;93,16;98,33;241,33;220
bad;2016-08-09 17:35;208,02;7,72;4,93;713,58;212,95;489,33;528;528;228;768;756;40,24;0,57;0,53;54,01;40,77;91,15;98,55;278,67;228
neutral;2016-08-09 17:40;170,63;12,06;5,88;553,33;176,51;550,67;736;736;276;861,34;1012;53,95;0,51;0,57;51,04;54,52;93,98;98,63;310,67;276
neutral;2016-08-09 17:45;187,38;12,42;7,88;507,53;195,26;634,67;744;744;296;1013,34;1040;46,31;0,49;0,55;54,82;46,86;94,52;96,7;378,67;296
good;2016-08-09 17:50;180,13;10,39;7,66;527,51;187,79;634,67;744;744;364;1041,34;1108;0,53;0,52;0,53;54,82;46,86;97,42;96,7;406,67;364
good;2016-08-09 17:55;174,45;7,13;7,29;569,35;181,74;714,67;816;816;472;1168;1288;43,87;0,57;0,51;42,64;44,38;96,15;97,41;453,33;472
good;2016-08-09 18:00;182,4;7,16;6,88;583,81;189,28;777,33;732;732;504;1274,66;1236;37,47;0,6;0,51;38,16;37,98;96,25;98,39;497,33;504
neutral;2016-08-09 18:05;187,14;6,97;8,19;467,37;195,33;778,67;732;732;460;1300;1192;36,29;0,69;0,54;38,82;36,83;94,23;98,33;521,33;460
neutral;2016-08-09 18:10;221,46;6,9;7,91;440,37;229,37;781,33;728;728;484;1325,33;1212;35,76;0,67;0,56;49,64;36,32;93,88;97,48;544;484
good;2016-08-09 18:15;205,67;4,61;6,37;420,96;212,04;737,33;696;696;524;1256;1220;33,35;0,7;0,56;49,57;33,91;95,28;97,71;518,67;524
good;2016-08-09 18:20;198,7;4,74;5,56;441,49;204,26;736;608;608;524;1254,67;1132;34,81;0,65;0,53;46,04;35,34;97,12;99,26;518,67;524
good;2016-08-09 18:25;187,67;4,04;4,77;445,32;192,44;732;672;672;492;1206,67;1164;31,83;0,67;0,58;45,52;32,41;97,74;100;474,67;492
good;2016-08-09 18:30;207,71;4,54;6,74;465,05;214,45;765,33;624;624;428;1249,33;1052;37,84;0,68;0,52;51,26;38,36;97,71;99,06;484;428
good;2016-08-09 18:35;197,63;4,19;7,95;456,39;205,58;742,67;620;620;428;1226,67;1048;40,18;0,63;0,55;65,38;40,73;97,71;99,04;484;428
good;2016-08-09 18:40;208,17;4,97;12,86;450,18;221,03;709,33;608;608;416;1202,66;1024;44,24;0,57;0,47;60,38;44,71;96,99;98,25;493,33;416
good;2016-08-09 18:45;216,61;5,23;10,28;472,82;226,89;697,33;664;664;488;1221,33;1152;39,89;0,46;0,53;58,45;40,42;95;99,25;524;488
good;2016-08-09 18:50;233,39;5,23;10,28;561,55;233,39;640;596;596;584;1184;1180;36,89;0,46;0,53;52,16;36,89;95;98,19;544;584
good;2016-08-09 18:55;206,53;14,34;6,57;543,98;213,1;704;648;648;648;1252;1296;31,88;0,47;0,58;52,85;32,46;95,8;98,11;548;648
good;2016-08-09 19:00;214,82;16,58;6,89;553,72;221,71;750,67;688;688;624;1244;1312;28,37;0,44;0,56;46,5;28,93;96,99;97,81;493,33;624
good;2016-08-09 19:05;210,44;16,58;6,89;490,99;210,44;834,67;716;716;532;1305,34;1248;30,04;0,42;0,54;53,72;30,58;96,9;97,81;470,67;532
good;2016-08-09 19:10;227,69;13,79;6,44;479,77;234,13;796;632;632;500;1224;1132;25,72;0,46;0,52;49,71;26,24;96,83;100;428;500
good;2016-08-09 19:15;232,13;9,73;6,05;472,22;238,18;761,33;520;520;492;1205,33;1012;22,6;0,48;0,51;59,04;23,11;96,3;100;444;492
good;2016-08-09 19:20;249,36;8,03;8,82;511,73;258,18;726,67;532;532;532;1161,34;1064;23,05;0,59;0,52;54,97;23,57;96,3;100;434,67;532
neutral;2016-08-09 19:25;242,19;6,14;10,49;579,45;252,68;738,67;556;556;536;1172;1092;24,81;0,93;0,51;78,85;25,32;95,69;99,26;433,33;536
good;2016-08-09 19:30;197,04;5,82;10,19;599,37;207,23;710,67;720;720;532;1152;1252;26,27;0,9;0,54;65,78;26,81;96,21;99,24;441,33;532
neutral;2016-08-09 19:35;188,99;5,18;7,57;618,58;196,56;720;692;692;560;1218,67;1252;25,4;0,71;0,55;61,38;25,95;94,62;100;498,67;560
bad;2016-08-09 19:40;164,83;6,29;6,26;651,17;171,09;686,67;684;684;588;1204;1272;24,61;0,55;0,58;36,79;25,19;94,26;100;517,33;588
neutral;2016-08-09 19:45;175,99;8,52;5,02;727,04;181,01;658,67;632;632;612;1161,34;1244;23,27;0,59;0,49;33,53;23,76;95,31;100;502,67;612
bad;2016-08-09 19:50;175,99;8,52;5,02;727,04;181,01;600;584;584;612;1102,67;1196;24,36;0,59;0,49;34,94;24,36;94,81;99,27;502,67;612
bad;2016-08-09 19:55;203,44;9,66;4,46;682,57;207,9;633,33;588;588;484;1085,33;1072;21,6;0,59;0,41;40,32;22,01;91,97;98,29;452;484
bad;2016-08-09 20:00;210,47;7,4;4,33;647,56;214,8;653,33;616;616;412;1066,66;1028;23,01;0,64;0,38;41,48;23,39;90,77;98,13;413,33;412
bad;2016-08-09 20:05;234,19;7,67;4,68;682,61;238,87;678,67;592;592;420;1046,67;1012;21,63;0,63;0,49;64,21;22,12;90,77;99,07;368;420
bad;2016-08-09 20:10;254,8;5,28;4,39;667,33;259,19;604;536;536;428;958,67;964;28,69;0,69;0,51;59,59;29,2;90,98;100;354,67;428
neutral;2016-08-09 20:15;248,83;5,83;3,54;732,49;252,37;552;484;484;440;878,67;924;31,56;0,71;0,39;64,22;31,95;95,05;100;326,67;440
bad;2016-08-09 20:20;174,36;5,65;2,97;716,95;177,33;481,33;488;488;376;804;864;34,04;0,63;0,27;68,16;34,31;93,14;100;322,67;376
bad;2016-08-09 20:25;247,66;6,24;2,67;882,1;250,33;529,33;456;456;360;857,33;816;30,63;0,63;0,23;45,9;30,86;93,18;100;328;360
bad;2016-08-09 20:30;356,62;6,35;2,81;879,3;359,43;501,33;456;456;280;802,66;736;21,55;0,55;0,25;40,87;21,8;92,13;98,65;301,33;280
bad;2016-08-09 20:35;358,51;6,35;2,81;919,91;358,51;521,33;432;432;280;822,66;712;15,55;0,55;0,27;29,26;15,82;94,94;98,44;301,33;280
neutral;2016-08-09 20:40;279,8;6,17;2,56;802,45;282,36;450,67;412;412;244;728;656;23,78;0,54;0,29;44,09;24,07;96,2;98;277,33;244
neutral;2016-08-09 20:45;207,2;5,94;2,44;716,72;209,64;476;420;420;200;734,67;620;21,52;0,63;0,3;49,51;21,82;96,1;97,87;258,67;200
neutral;2016-08-09 20:50;216,77;4,2;2,02;682,82;218,79;413,33;400;400;188;648;588;38,79;0,66;0,32;64,12;39,11;97,7;97,87;234,67;188
bad;2016-08-09 20:55;319,35;11,91;2,68;654,08;322,03;392;412;412;188;626,67;600;38,03;0,68;0,35;72,92;38,38;96,55;98,11;234,67;188
bad;2016-08-09 21:00;312,22;17,53;4,41;737,31;316,63;340;388;388;208;564;596;50,25;0,61;0,44;82,49;50,69;96,47;97,87;224;208
bad;2016-08-09 21:05;201,39;26,79;5,59;850,56;206,98;337,33;352;352;192;554,66;544;38,65;0,58;0,53;74,67;39,18;93,65;100;217,33;192
neutral;2016-08-09 21:10;221,86;24,8;4,58;1017,37;226,44;316;248;248;148;498,67;396;34,87;0,59;0,59;69,64;35,46;95,12;100;182,67;148
neutral;2016-08-09 21:15;238,8;47,38;3,05;1179,69;241,85;258,67;164;164;88;392;252;14,74;0,69;0,58;66,23;15,32;96,3;100;133,33;88
neutral;2016-08-09 21:20;282,38;47,38;3,05;1277,29;282,38;194,67;120;120;76;308;196;14,74;0,69;0,58;66,23;15,32;100;100;113,33;76
neutral;2016-08-09 21:25;197,12;47,27;2,19;1244,67;199,31;177,33;156;156;80;281,33;236;19,88;0,7;0,62;54,7;20,5;96,97;100;104;80
bad;2016-08-09 21:30;314,33;50,26;3,88;1165,75;318,21;177,33;156;156;80;273,33;236;39,28;0,49;0,65;100,58;39,93;96,88;95,24;96;80
bad;2016-08-09 21:35;269,59;28,05;3,72;1001,43;273,31;161,33;136;136;92;252;228;58,29;0,48;0,6;84,33;58,89;96,77;88,89;90,67;92
bad;2016-08-09 21:40;387,15;35,62;3,86;1210,61;391,01;185,33;140;140;76;272;216;96,26;0,54;0,54;100,61;96,8;100;87,5;86,67;76
bad;2016-08-09 21:45;1,29;31,13;1,29;1210,61;391,01;169,33;100;100;72;258,66;172;86,15;0,55;0,51;55,62;86,66;95,83;87,5;89,33;72
bad;2016-08-09 21:50;306,01;24;1,69;1123,7;307,7;178,67;92;92;52;264;144;123,42;0,55;0,51;71,35;123,42;96;84,62;85,33;52
bad;2016-08-09 21:55;307,28;21,55;1,41;1050,07;308,69;177,33;104;104;48;261,33;152;118,29;0,65;0,29;131,28;118,58;96;91,67;84;48
bad;2016-08-09 22:00;326,03;22,66;1,61;1362,53;327,64;189,33;108;108;28;276;136;139,81;0,72;0,43;135,08;140,24;96;85,71;86,67;28
bad;2016-08-09 22:05;260,08;24,08;1,26;1224,91;261,34;170,67;104;104;28;260;132;127,03;0,68;0,52;114,39;127,55;100;100;89,33;28
neutral;2016-08-09 22:10;155,6;44,42;1,29;1153,67;156,89;157,33;104;104;20;250,66;124;93,72;0,65;0,5;24,27;94,22;100;100;93,33;20
neutral;2016-08-09 22:15;159,04;44,42;1,29;955,6;159,04;148;84;84;24;237,33;108;85,89;0,58;0,34;31,24;86,23;100;100;89,33;24
neutral;2016-08-09 22:20;131,35;87,06;1,41;1085,39;132,76;140;76;76;24;229,33;100;40,2;0,54;0,31;45,83;40,51;100;100;89,33;24
neutral;2016-08-09 22:25;157,12;83,8;1,56;1322,88;158,68;125,33;52;52;12;202,66;64;22,88;0,46;0,26;54,5;23,14;100;100;77,33;12
neutral;2016-08-09 22:30;1,36;58,38;1,36;1322,88;158,68;117,33;52;52;8;197,33;60;21,18;0,56;0,28;51,81;21,46;100;100;80;8
bad;2016-08-09 22:35;283,74;36,89;0,76;1229,55;284,5;125,33;64;64;8;205,33;72;143,89;0,56;0,28;54,56;143,89;82,35;100;80;8
bad;2016-08-09 22:40;414,98;53,61;0,98;1212,59;415,96;128;56;56;16;206,67;72;88,34;0,46;0,45;44,12;88,79;80;100;78,67;16
bad;2016-08-09 22:45;448,32;62,23;1,21;1287,05;449,53;128;56;56;24;204;80;43;0,51;0,34;66,33;43,34;77,78;100;76;24
neutral;2016-08-09 22:50;403,64;63,96;1,63;1597,53;405,27;112;36;36;28;180;64;44,82;0,48;0,31;62,2;45,13;100;100;68;28
neutral;2016-08-09 22:55;110,27;52,48;1,5;1815,49;111,77;104;44;44;28;173,33;72;35,23;0,55;0,24;51,69;35,47;100;100;69,33;28
neutral;2016-08-09 23:00;108,86;52,48;1,5;1955,26;108,86;112;52;52;24;184;76;16,83;0,51;0,29;36,28;17,12;100;100;72;24
neutral;2016-08-09 23:05;90,78;156,31;1,46;1373,52;92,24;138,67;52;52;28;209,34;80;0,41;0,51;0,41;36,28;17,12;100;100;70,67;28
neutral;2016-08-09 23:10;87,13;228,96;1,47;850,84;88,6;134,67;44;44;24;225,34;68;5,89;0,51;0,63;30,76;6,52;100;100;90,67;24
neutral;2016-08-09 23:15;68,33;237,72;1,38;787,67;69,71;134,67;44;44;8;250,67;52;4,79;0,53;1,15;27,87;5,94;100;100;116;8
neutral;2016-08-09 23:20;121,76;230,83;1,42;824,22;123,18;113,33;48;48;0;226,66;48;4,3;0,52;1,31;30,82;5,61;100;100;113,33;0
neutral;2016-08-09 23:25;145,27;163,73;1,74;650,34;147,01;84;52;52;0;190,67;52;4,3;0,52;1,31;30,82;5,61;100;100;106,67;0
bad;2016-08-09 23:30;206,78;44,32;1,57;640,61;208,35;76;44;44;0;182,67;44;4,3;0,52;1,31;30,82;5,61;75;100;106,67;0
neutral;2016-08-09 23:35;507,77;39,76;1,15;518,35;508,92;85,33;52;52;0;178,66;52;4,3;0,52;1,31;30,82;5,61;75;100;93,33;0
neutral;2016-08-09 23:40;552,27;21,49;0,64;507,4;552,91;77,33;44;44;0;148;44;4,3;0,52;1,31;30,82;5,61;70;100;70,67;0
neutral;2016-08-09 23:45;430,23;14,17;0,96;446,29;431,19;90,67;48;48;0;148;48;4,3;0,52;1,31;30,82;5,61;77,78;100;57,33;0
neutral;2016-08-09 23:50;383,83;130,12;1,26;590,22;385,09;76;28;28;0;140;28;4,3;0,52;1,31;30,82;5,61;57,14;100;64;0
neutral;2016-08-09 23:55;520,4;153,35;1,39;629,77;521,79;69,33;28;28;4;140;32;57,94;0,52;2,05;50,68;59,99;40;100;70,67;4
neutral;2016-08-10 00:00;557,75;123,65;0,92;558,19;558,67;61,33;28;28;4;138,66;32;57,94;0,46;2,05;56,12;59,99;62,5;100;77,33;4
neutral;2016-08-10 00:05;1;1,47;1;558,19;558,67;54,67;36;36;12;116;48;178,52;0,43;1,7;58,39;180,22;87,5;100;61,33;12
neutral;2016-08-10 00:10;355,37;49,01;1,02;502,78;356,39;60;28;28;16;125,33;44;88,84;0,42;0,93;63,96;89,77;71,43;100;65,33;16
neutral;2016-08-10 00:15;372,21;49,01;1,02;444,21;372,21;60;28;28;20;114,67;48;73,92;0,36;0,93;58,45;74,85;66,67;100;54,67;20
bad;2016-08-10 00:20;203,72;70,23;1,38;367,8;205,1;57,33;24;24;20;117,33;44;73,93;0,38;0,57;66,18;74,5;75;80;60;20
neutral;2016-08-10 00:25;133,36;86,81;1,41;403,61;134,77;49,33;16;16;8;110,66;24;112,9;0,46;0,63;60,34;113,53;100;50;61,33;8
bad;2016-08-10 00:30;1,37;43,63;1,37;403,61;134,77;45,33;12;12;8;113,33;20;162,06;0,45;0,63;78,2;162,69;66,67;50;68;8
bad;2016-08-10 00:35;112,22;58,89;0,96;335,4;113,18;46,67;12;12;4;117,34;16;309,58;0,46;0,44;74,96;310,02;66,67;0;70,67;4
bad;2016-08-10 00:40;189,28;90,87;0,79;334,67;190,07;44;16;16;4;126,67;20;309,58;0,46;0,44;78,86;310,02;66,67;0;82,67;4
bad;2016-08-10 00:45;229,1;105,31;0,72;271,63;229,82;68;24;24;4;148;28;309,58;0,46;0,44;114,4;310,02;66,67;0;80;4
bad;2016-08-10 00:50;0,66;97,53;0,66;271,63;229,82;70,67;20;20;0;136;20;309,58;0,46;0,44;114,4;310,02;66,67;0;65,33;0
bad;2016-08-10 00:55;406,38;97,53;0,66;441,15;406,38;80;20;20;0;130,67;20;309,58;0,46;0,44;114,4;310,02;66,67;0;50,67;0
bad;2016-08-10 01:00;406,38;97,53;0,66;441,15;406,38;80;20;20;0;41,33;0;309,58;0,46;0,44;114,4;310,02;66,67;0;41,33;0
bad;2016-08-10 01:05;406,38;97,53;0,66;441,15;406,38;80;20;20;0;37,33;0;309,58;0,46;0,44;114,4;310,02;66,67;0;37,33;0
bad;2016-08-10 01:10;406,38;97,53;0,66;441,15;406,38;80;20;20;0;50,67;0;309,58;0,46;0,44;114,4;310,02;80;0;50,67;0
bad;2016-08-10 01:15;406,38;97,53;0,66;441,15;406,38;80;20;20;0;52;0;309,58;0,46;0,44;114,4;310,02;40;0;52;0
bad;2016-08-10 01:20;406,38;97,53;0,66;441,15;406,38;80;20;20;0;58,67;0;265,05;0,46;0,44;101,73;265,05;20;100;58,67;0
bad;2016-08-10 01:25;406,38;97,53;0,66;441,15;406,38;80;20;20;4;61,33;4;263,73;0,65;1,32;138,33;265,05;25;100;61,33;4
bad;2016-08-10 01:30;406,38;97,53;0,66;441,15;406,38;80;20;20;4;54,67;4;263,73;0,58;1,32;96,12;265,05;66,67;100;54,67;4
bad;2016-08-10 01:35;406,38;97,53;0,66;441,15;406,38;80;20;20;4;64;4;1,32;0,49;1,32;96,12;265,05;50;100;64;4
bad;2016-08-10 01:40;227,66;1,4;1,13;277,86;228,79;69,33;16;16;0;148;16;1,32;0,49;1,32;96,12;265,05;50;100;78,67;0
bad;2016-08-10 01:45;286,87;1,62;0,8;135,78;287,67;53,33;16;16;0;133,33;16;1,32;0,49;1,32;96,12;265,05;50;100;80;0
bad;2016-08-10 01:50;332,44;1,82;1,15;115,63;333,59;50,67;8;8;12;124;20;1,32;0,49;1,32;96,12;265,05;50;75;73,33;12
bad;2016-08-10 01:55;357,94;1,64;1,51;119,21;359,45;41,33;12;12;16;102,66;28;93,65;0,55;1,06;75,2;94,71;50;75;61,33;16
bad;2016-08-10 02:00;266,67;2,04;1,61;237,74;268,28;44;12;12;20;109,33;32;160,11;0,6;1,07;99,04;161,18;33,33;60;65,33;20
bad;2016-08-10 02:05;247,22;1,42;0,99;373,53;248,21;50,67;20;20;12;114,67;32;160,11;0,57;1,07;117,02;161,18;20;50;64;12
bad;2016-08-10 02:10;164,95;11,1;6,08;385,89;171,03;45,33;24;24;8;92;32;248,94;0,48;0,97;108,27;249,91;50;100;46,67;8
bad;2016-08-10 02:15;129,47;11,45;4,75;340,72;134,22;52;36;36;12;94,67;48;51,21;0,41;0,91;77,4;52,12;75;100;42,67;12
good;2016-08-10 02:20;111,33;11,52;4,34;339,35;115,67;50,67;36;36;12;93,34;48;33,29;0,45;0,52;46,66;33,81;100;100;42,67;12
good;2016-08-10 02:25;140,03;1,08;1,21;291,56;141,24;64;44;44;20;116;64;19,54;0,43;0,36;70,19;19,9;100;100;52;20
neutral;2016-08-10 02:30;142,62;0,88;0,95;191,72;143,57;85,33;52;52;28;149,33;80;24,27;0,38;0,24;75,24;24,51;100;100;64;28
good;2016-08-10 02:35;126,94;0,64;0,82;146,15;127,76;105,33;60;60;32;193,33;92;32,43;0,36;0,26;64,7;32,69;100;100;88;32
good;2016-08-10 02:40;102,89;3;0,97;318,13;103,86;121,33;88;88;52;226,66;140;48,07;0,48;0,29;46,52;48,36;100;100;105,33;52
good;2016-08-10 02:45;106,3;2,47;1,18;301,99;107,48;138,67;120;120;68;253,34;188;62,4;0,57;0,28;39,28;62,68;100;100;114,67;68
good;2016-08-10 02:50;0,85;4,31;0,85;301,99;107,48;149,33;136;136;68;264;204;67,6;0,57;0,29;47,05;67,89;100;100;114,67;68
good;2016-08-10 02:55;153,88;4,66;1,11;258,62;154,99;190,67;168;168;132;329,34;300;40,86;0,49;0,39;42;41,25;96,55;100;138,67;132
good;2016-08-10 03:00;174,02;4,32;1,24;113,99;175,26;221,33;184;184;132;372;316;27,14;0,43;0,48;32,92;27,62;96,77;100;150,67;132
neutral;2016-08-10 03:05;146,69;1,81;1,92;141,08;148,61;236;168;168;132;386,67;300;20,9;0,4;0,54;30,56;21,44;93,55;100;150,67;132
good;2016-08-10 03:10;147,87;2,32;2,1;181,02;149,97;245,33;168;168;104;385,33;272;28,8;0,46;0,64;38,5;29,44;97,22;100;140;104
good;2016-08-10 03:15;117,58;2,51;2,2;225,29;119,78;221,33;188;188;108;346,66;296;30,69;0,48;0,61;51,45;31,3;97,56;100;125,33;108
good;2016-08-10 03:20;86,18;2,51;2,2;260,55;86,18;182,67;180;180;124;346,67;304;31,16;0,48;0,61;48,91;31,16;97,56;100;164;124
neutral;2016-08-10 03:25;113,26;7,68;1,5;294,97;114,76;157,33;180;180;128;369,33;308;54,25;0,44;0,33;55,95;54,58;100;93,75;212;128
neutral;2016-08-10 03:30;137,07;9,28;1,51;289,36;138,58;180;176;176;152;433,33;328;60,14;0,39;0,23;46,81;60,37;100;89,19;253,33;152
bad;2016-08-10 03:35;1,48;6,34;1,48;289,36;138,58;264;220;220;152;517,33;372;0,36;0,34;0,36;46,81;60,37;92,98;89,19;253,33;152
bad;2016-08-10 03:40;153,31;8,91;1,66;336,89;154,97;360;252;252;156;613,33;408;66,98;0,36;0,5;68,8;67,48;91,23;92,16;253,33;156
neutral;2016-08-10 03:45;141,37;6,07;3,5;313,81;144,87;437,33;296;296;204;740;500;53,83;0,42;0,55;66,48;54,38;88,14;95,08;302,67;204
bad;2016-08-10 03:50;165,22;6,07;3,5;280,74;165,22;468;348;348;240;832;588;0,53;0,47;0,53;66,48;54,38;88,14;93,55;364;240
neutral;2016-08-10 03:55;226,68;1,05;3,64;241,24;230,32;461,33;392;392;244;846,66;636;53,82;0,54;0,56;56;54,38;92,05;96,55;385,33;244
neutral;2016-08-10 04:00;216,46;1,61;3,35;208,17;219,81;505,33;372;372;236;894,66;608;41,75;0,64;0,61;51;42,36;92,86;96,39;389,33;236
neutral;2016-08-10 04:05;221,08;2,36;5,05;188,95;226,13;505,33;372;372;332;894,66;704;38,64;0,64;0,61;52,89;38,64;92,86;96,39;389,33;332
good;2016-08-10 04:10;198,47;2,81;5,52;167,41;203,99;594,67;480;480;384;1054,67;864;27,57;0,66;0,59;48,65;28,16;95,19;98,04;460;384
neutral;2016-08-10 04:15;216,38;2,19;5,05;187,02;221,43;629,33;596;596;404;1128;1000;29,21;0,67;0,59;47,58;29,8;94,62;98,77;498,67;404
good;2016-08-10 04:20;198,1;2,19;5,05;195,83;198,1;642,67;644;644;324;1180;968;28,85;0,63;0,54;46,08;29,39;96,83;100;537,33;324
good;2016-08-10 04:25;161,11;2,76;2,9;229,16;164,01;669,33;596;596;316;1206,66;912;25,68;0,59;0,53;63,83;26,21;96,18;100;537,33;316
good;2016-08-10 04:30;157,78;2,59;3,63;217,13;161,41;701,33;580;580;340;1221,33;920;26,81;0,5;0,4;58,34;27,21;96,85;100;520;340
neutral;2016-08-10 04:35;200,83;2,59;3,63;226,18;200,83;701,33;580;580;356;1204;936;25,43;0,46;0,32;73,36;25,75;96,12;100;502,67;356
good;2016-08-10 04:40;222,91;1,36;4,45;230,14;227,36;710,67;552;552;384;1160;936;25,85;0,48;0,26;61,75;26,11;96,99;100;449,33;384
good;2016-08-10 04:45;223,14;4,68;4,22;228,06;227,36;725,33;552;552;424;1170,66;976;27,54;0,55;0,27;69,34;27,81;96,45;100;445,33;424
good;2016-08-10 04:50;225,92;14,5;5,03;244,16;230,95;710,67;604;604;436;1160;1040;32,14;0,48;0,26;64,29;32,4;96,45;100;449,33;436
good;2016-08-10 04:55;251,07;16,82;5,84;282,68;256,91;652;608;608;400;1112;1008;30,74;0,51;0,25;62,87;30,99;95,49;100;460;400
good;2016-08-10 05:00;277,35;11,08;6,18;319,5;283,53;590,67;584;584;312;1049,34;896;29,43;0,53;0,25;53,92;29,68;98,48;100;458,67;312
good;2016-08-10 05:05;284,28;2,17;4,64;325,69;288,92;590,67;584;584;268;989,34;852;35,37;0,57;0,26;66;35,63;97,98;100;398,67;268
good;2016-08-10 05:10;356,85;1,54;4,18;350,61;361,03;448;380;380;240;784;620;33,07;0,46;0,26;61,51;33,33;98,68;100;336;240
good;2016-08-10 05:15;495,22;1,33;3,72;400,47;498,94;422,67;272;272;244;724;516;30,47;0,42;0,31;56,79;30,78;95,24;98,36;301,33;244
good;2016-08-10 05:20;413,53;1,56;3,41;353,7;416,94;422,67;272;272;308;778,67;580;0,49;0,44;0,49;56,79;30,78;96,67;98,7;356;308
good;2016-08-10 05:25;249,46;1,99;2,62;314,5;252,08;404;268;268;364;832;632;24,61;0,44;0,51;44,55;25,12;97,47;98,86;428;364
good;2016-08-10 05:30;180,95;3,93;2,3;209,29;183,25;376;328;328;372;857,33;700;20,77;0,43;0,44;41,11;21,21;99,05;100;481,33;372
good;2016-08-10 05:35;180,95;3,93;2,3;209,29;183,25;394,67;452;452;372;876;824;25,49;0,44;0,38;43,63;25,87;99,05;98,06;481,33;372
good;2016-08-10 05:40;260,35;3,47;2,28;258,25;262,63;505,33;584;584;400;1049,33;984;32,63;0,49;0,45;43,44;33,08;98,57;98,1;544;400
good;2016-08-10 05:45;270,25;4,4;2,31;330,05;272,56;597,33;600;600;416;1113,33;1016;36,12;0,52;0,57;54,97;36,69;98,37;98,1;516;416
good;2016-08-10 05:50;231,87;4,37;3,55;369,46;235,42;670,67;532;532;424;1173,34;956;0,59;0,52;0,59;54,97;36,69;96,49;98,1;502,67;424
neutral;2016-08-10 05:55;190,32;4,42;5,76;355,87;196,08;645,33;528;528;400;1160;928;26,64;0,5;0,57;47,66;27,21;91,06;100;514,67;400
neutral;2016-08-10 06:00;216,21;2,91;5,77;388,42;221,98;690,67;600;600;436;1216;1036;29,63;0,5;0,55;46,72;30,18;90,23;100;525,33;436
neutral;2016-08-10 06:05;221,96;1,23;5,15;356,21;227,11;662,67;680;680;472;1185,34;1152;31,26;0,47;0,58;48,34;31,84;93,15;99,13;522,67;472
good;2016-08-10 06:10;205,03;1,12;5,31;360,83;210,34;624;612;612;456;1132;1068;42,46;0,45;0,56;67,62;43,02;95,65;99,19;508;456
neutral;2016-08-10 06:15;209,63;1,24;7,14;321,47;216,77;626,67;624;624;496;1156;1120;41,56;0,45;0,56;79,65;41,56;96,88;99,2;529,33;496
neutral;2016-08-10 06:20;252,6;3,09;13,32;325,81;265,92;654,67;656;656;480;1208;1136;45,26;0,46;0,56;75,64;45,82;97,35;99,2;553,33;480
good;2016-08-10 06:25;246,09;4,45;16,41;328,91;262,5;745,33;696;696;540;1325,33;1236;35,75;0,48;0,56;61,65;36,31;98,65;99,28;580;540
good;2016-08-10 06:30;247,11;4,38;15,11;369,5;262,22;716;668;668;612;1297,33;1280;42,39;0,49;0,55;58,14;42,94;95,97;98,7;581,33;612
neutral;2016-08-10 06:35;237,15;2,9;20,09;404,7;257,24;716;668;668;664;1293,33;1332;49,69;0,55;0,61;62,31;50,3;94,59;97,55;577,33;664
neutral;2016-08-10 06:40;241,43;1,67;19,01;404,42;260,44;653,33;828;828;608;1256;1436;48,67;0,66;0,53;62,89;49,2;94,71;97,4;602,67;608
good;2016-08-10 06:45;231,06;3,56;14,93;408,68;245,99;633,33;936;936;576;1237,33;1512;43,57;0,91;0,53;67,67;44,1;95,85;97,9;604;576
good;2016-08-10 06:50;190,25;5,34;11,79;396,47;202,04;633,33;936;936;676;1297,33;1612;46,77;1,13;0,58;65,1;47,35;95,85;98,03;664;676
good;2016-08-10 06:55;177,66;10,2;11,73;435,85;189,39;706,67;872;872;672;1436;1544;43,56;1,17;0,68;72,65;44,24;96,83;97,69;729,33;672
good;2016-08-10 07:00;175,73;9,21;12,3;493,02;188,03;830,67;748;748;520;1522,67;1268;47,09;1,03;0,65;67,65;47,74;96,73;97,1;692;520
good;2016-08-10 07:05;242,05;10,72;22,32;500,89;264,37;920;704;704;452;1601,33;1156;66,57;0,82;0,48;65,12;67,05;96,73;97,6;681,33;452
neutral;2016-08-10 07:10;273,19;7,85;48,74;554,85;321,93;837,33;752;752;356;1429,33;1108;91,11;0,69;0,35;54,36;91,46;94,87;97,83;592;356
neutral;2016-08-10 07:15;295,88;7,64;51,99;504,42;347,87;730,67;732;732;408;1304;1140;94,81;0,6;0,33;69,77;95,14;93,15;95,79;573,33;408
bad;2016-08-10 07:20;52,09;11,21;52,09;504,42;347,87;722,67;584;584;408;1296;992;92,96;0,56;0,32;82,2;93,28;93,15;97,41;573,33;408
bad;2016-08-10 07:25;319,79;10,37;62,15;451,89;381,94;746,67;468;468;472;1330,67;940;84,47;0,61;0,31;73,29;84,78;90,72;97,3;584;472
bad;2016-08-10 07:30;327,19;6,28;129,04;463,26;456,23;754,67;548;548;584;1357,34;1132;72,27;0,64;0,39;77,45;72,66;92,37;98,59;602,67;584
bad;2016-08-10 07:35;174,82;6,78;174,82;463,26;456,23;754,67;548;548;560;1352;1108;0,47;0,67;0,47;77,45;72,66;91,06;98,65;597,33;560
bad;2016-08-10 07:40;278,41;8,97;223,24;479,01;501,65;785,33;816;816;632;1420;1448;58,65;0,69;0,55;79,94;59,2;93,33;97,99;634,67;632
bad;2016-08-10 07:45;265,11;10,6;192,63;471,24;457,74;802,67;984;984;580;1466,67;1564;66,1;0,68;0,54;75,28;66,64;93,81;97,37;664;580
bad;2016-08-10 07:50;167,4;8,65;167,4;471,24;457,74;805,33;948;948;628;1438,66;1576;70,62;0,68;0,54;73,48;70,62;93,81;97,08;633,33;628
bad;2016-08-10 07:55;322,48;5,95;112,99;513,76;435,47;817,33;592;592;516;1413,33;1108;86,53;0,66;0,68;74,49;87,21;90;97,89;596;516
bad;2016-08-10 08:00;383,42;5,04;179,85;554,3;563,27;821,33;420;420;564;1430,66;984;106,99;0,73;0,72;82,32;107,71;90,54;93,57;609,33;564
bad;2016-08-10 08:05;251,42;4,72;251,42;554,3;563,27;850,67;372;372;568;1502,67;940;120,65;0,72;0,67;81,94;121,32;90,54;93,57;652;568
bad;2016-08-10 08:10;430,56;3,6;328,39;649,5;758,95;757,33;500;500;644;1400;1144;116,74;0,67;0,56;80,77;117,3;90;94,16;642,67;644
bad;2016-08-10 08:15;410,99;8,98;368,73;711,58;779,72;748;604;604;616;1310,67;1220;93,73;0,61;0,49;94,72;94,22;88,81;97,16;562,67;616
bad;2016-08-10 08:20;426,03;15,35;367,78;751,27;793,81;686,67;656;656;564;1221,34;1220;79,83;0,64;0,48;96;80,31;90,24;97,69;534,67;564
bad;2016-08-10 08:25;396,22;16,25;323,91;696,83;720,13;796;628;628;520;1285,33;1148;72,15;0,6;0,48;115,23;72,63;90,52;97,69;489,33;520
neutral;2016-08-10 08:30;379,59;11,35;294,45;628,48;674,04;822,67;560;560;528;1318,67;1088;72,96;0,53;0,49;156,94;73,45;95,45;99,32;496;528
neutral;2016-08-10 08:35;379,59;11,35;294,45;628,48;674,04;826,67;692;692;588;1304;1280;40,37;0,49;0,49;167,3;40,86;95,45;100;477,33;588
bad;2016-08-10 08:40;332,71;6,89;205,16;611,51;537,87;725,33;724;724;600;1182,66;1324;35,69;0,51;0,49;148,29;36,18;92,64;98;457,33;600
bad;2016-08-10 08:45;282,86;6,52;138,1;624,48;420,96;692;824;824;592;1150,67;1416;35,8;0,54;0,5;118,58;36,3;92,26;97,5;458,67;592
bad;2016-08-10 08:50;262,8;5,97;64,72;587,17;327,52;666,67;808;808;480;1193,34;1288;38,48;0,58;0,5;111,37;38,98;93,71;96,97;526,67;480
bad;2016-08-10 08:55;276,44;7,17;38,72;566,79;315,16;674,67;868;868;528;1277,34;1396;59,31;0,57;0,52;108,78;59,83;94,44;98,12;602,67;528
neutral;2016-08-10 09:00;243,52;12,07;25,43;504,45;268,95;776;760;760;640;1486,67;1400;75,26;0,56;0,53;87,5;75,79;95,12;98,39;710,67;640
neutral;2016-08-10 09:05;231,97;20,32;16,31;468,91;248,28;826,67;756;756;740;1604;1496;60,95;0,52;0,56;76,65;61,51;95,62;98,55;777,33;740
bad;2016-08-10 09:10;232,43;24,52;18,79;451,4;251,22;914,67;748;748;572;1741,34;1320;59,13;0,51;0,59;72,81;59,72;95,76;90,97;826,67;572
neutral;2016-08-10 09:15;191,71;25,46;21,5;454,71;213,21;918,67;828;828;660;1754,67;1488;124,87;0,51;0,55;65,57;125,42;95,91;74,83;836;660
neutral;2016-08-10 09:20;148,25;21,83;20,03;479,77;168,28;908;884;884;664;1704;1548;173,96;0,54;0,55;57,49;174,51;96,37;56,22;796;664
neutral;2016-08-10 09:25;116,81;22,39;14,55;462,46;131,36;884;888;888;868;1678,67;1756;179,98;0,6;0,55;54,76;180,53;95;30,23;794,67;868
neutral;2016-08-10 09:30;132,24;25,67;10,76;456,98;143;817,33;876;876;812;1608;1688;175,74;0,59;0,56;45,6;176,3;95,21;20,64;790,67;812
bad;2016-08-10 09:35;19,51;35,15;19,51;456,98;143;810,67;756;756;848;1589,34;1604;197,45;0,59;0,56;50,82;197,45;94,87;19,49;778,67;848
bad;2016-08-10 09:40;152,42;44,3;19,51;458,37;171,93;804;692;692;792;1550,67;1484;213,98;0,53;0,53;61,39;214,51;94,87;15,64;746,67;792
neutral;2016-08-10 09:45;194,07;56,23;16;508,89;210,07;838,67;688;688;736;1590,67;1424;247,47;0,54;0,55;61,79;248,02;96,32;14,37;752;736
neutral;2016-08-10 09:50;169,43;57,15;8,82;537,64;178,25;842,67;684;684;692;1568;1376;232,12;0,57;0,57;59,79;232,69;98,6;14,37;725,33;692
neutral;2016-08-10 09:55;126,05;56,28;4,44;485,52;130,49;833,33;608;608;828;1518,66;1436;165,58;0,64;0,57;52,66;166,15;98,6;46,8;685,33;828
neutral;2016-08-10 10:00;109,98;51,45;3,15;549,11;113,13;773,33;576;576;804;1377,33;1380;101,79;0,68;0,57;57,31;102,36;97,73;72,12;604;804
neutral;2016-08-10 10:05;128,61;50,33;4,13;545,93;132,74;750,67;684;684;716;1276;1400;46,54;0,74;0,49;52,58;47,03;96,03;94,71;525,33;716
bad;2016-08-10 10:10;168,17;51,89;5,42;646,82;173,59;885,33;668;668;652;1337,33;1320;42,98;0,56;0,38;144,84;43,36;97,14;96,91;452;652
neutral;2016-08-10 10:15;192,02;45,82;6,12;581,84;198,14;956;684;684;704;1528;1388;0,28;0,53;0,28;144,84;43,36;97,45;97,5;572;704
neutral;2016-08-10 10:20;204,46;34,25;6,81;580,32;211,27;994,67;708;708;732;1669,34;1440;39,89;0,53;0,28;215,96;39,89;98,66;96,81;674,67;732
neutral;2016-08-10 10:25;193,82;16,29;6,9;503,18;200,72;809,33;720;720;736;1556;1456;36,42;0,53;0,27;183,93;36,69;97,19;97,09;746,67;736
bad;2016-08-10 10:30;191,92;16,32;9,67;500,3;201,59;681,33;788;788;740;1316;1528;46,63;0,56;0,27;168,91;46,9;93,9;95,48;634,67;740
bad;2016-08-10 10:35;173,41;16,32;9,67;496,67;173,41;681,33;788;788;740;1316;1528;49,03;0,54;0,28;105,83;49,31;93,48;96,61;634,67;740
neutral;2016-08-10 10:40;174,34;74,68;10,45;574,39;184,79;600;868;868;696;1236;1564;55,78;0,49;0,29;61,9;56,07;94,12;97,24;636;696
neutral;2016-08-10 10:45;178,31;152,86;10,18;683,04;188,49;654,67;848;848;660;1288;1508;42,97;0,48;0,31;56,48;43,28;95,31;98,57;633,33;660
bad;2016-08-10 10:50;232;152,86;10,18;747,18;232;726,67;648;648;484;1402,67;1132;47,58;0,48;0,35;52,88;47,93;95,31;93,75;676;484
bad;2016-08-10 10:55;327,12;199,78;117,65;784,52;444,77;858,67;468;468;392;1552;860;162,8;0,53;0,45;62,74;163,25;97;68,5;693,33;392
bad;2016-08-10 11:00;247,71;218,34;174,68;776,23;422,39;874,67;612;612;524;1585,34;1136;213,25;0,53;0,5;68,77;213,75;95,95;69,7;710,67;524
bad;2016-08-10 11:05;144,2;237,86;144,2;776,23;422,39;934,67;900;900;660;1624;1560;192,2;0,57;0,53;63,08;192,73;97,83;77,54;689,33;660
neutral;2016-08-10 11:10;167,59;242,91;93,94;741,13;261,53;828;1012;1012;772;1468;1784;124,07;0,54;0,55;61,14;124,62;98,33;97,24;640;772
neutral;2016-08-10 11:15;186,67;230,51;24,9;736,12;211,57;773,33;880;880;660;1346,66;1540;68,38;0,49;0,5;60,54;68,88;97,28;98,24;573,33;660
neutral;2016-08-10 11:20;12,75;190,78;12,75;736,12;211,57;772;712;712;636;1329,33;1348;47,56;0,48;0,38;47,72;47,94;95,42;99,37;557,33;636
neutral;2016-08-10 11:25;210,83;149,58;10,27;701,05;221,1;785,33;592;592;608;1340;1200;48,18;0,56;0,29;36,6;48,47;95;98,72;554,67;608
bad;2016-08-10 11:30;250,68;121,55;10,63;717,05;261,31;842,67;664;664;604;1409,34;1268;47,53;0,62;0,26;37,96;47,79;93,62;97,96;566,67;604
bad;2016-08-10 11:35;250,68;121,55;10,63;717,05;261,31;818,67;628;628;548;1394,67;1176;54,61;0,62;0,26;42,27;54,61;94,7;97,81;576;548
good;2016-08-10 11:40;206,83;97,15;8,55;575,67;215,38;777,33;696;696;528;1360;1224;48,73;0,5;0,27;45,5;49;97,1;97,58;582,67;528
neutral;2016-08-10 11:45;166,52;87,44;5,76;559,67;172,28;954,67;664;664;504;1560;1168;35,27;0,48;0,27;73,49;35,54;98,58;99,24;605,33;504
neutral;2016-08-10 11:50;145,81;78,03;3,85;538,45;149,66;1024;724;724;564;1598,67;1288;47,92;0,53;0,27;81,65;48,19;97,47;99,24;574,67;564
neutral;2016-08-10 11:55;151,56;88,49;4,32;516,34;155,88;1058,67;764;764;596;1626,67;1360;41,58;0,6;0,26;85,49;41,84;95,65;100;568;596
good;2016-08-10 12:00;156,48;76,25;4,49;417,17;160,97;860;720;720;684;1412;1404;40,94;0,62;0,25;47,74;41,19;96,27;100;552;684
good;2016-08-10 12:05;4,19;62,78;4,19;417,17;160,97;738,67;744;744;636;1312;1380;35,85;0,62;0,25;51,61;35,85;96,75;100;573,33;636
good;2016-08-10 12:10;199,26;22,56;3,79;359,29;203,05;756;660;660;644;1284;1304;40,48;0,61;0,38;59,26;40,86;97,71;98,76;528;644
good;2016-08-10 12:15;207,15;23,93;3,73;373,73;210,88;742,67;592;592;592;1244;1184;41,89;0,57;0,47;67,55;42,36;98,04;98,67;501,33;592
neutral;2016-08-10 12:20;204,8;28,52;3,66;408,62;208,46;749,33;524;524;580;1233,33;1104;41,69;0,53;0,49;73,83;42,18;98,04;98,67;484;580
good;2016-08-10 12:25;162,52;23,73;4,01;446,03;166,53;714,67;548;548;596;1157,34;1144;42,82;0,52;0,37;71,67;43,19;97,27;98,08;442,67;596
neutral;2016-08-10 12:30;184,56;35,9;3,73;427,42;188,29;732;532;532;620;1166,67;1152;31,28;0,55;0,29;81,08;31,57;98,13;97,92;434,67;620
good;2016-08-10 12:35;192,55;33,84;3,52;460,5;196,07;686,67;344;344;520;1156;864;29,76;0,58;0,29;71,37;30,05;97,01;97,92;469,33;520
neutral;2016-08-10 12:40;259,94;30,6;3,84;431,84;263,78;765,33;180;180;352;1261,33;532;74,29;0,58;0,29;64,98;74,58;97,37;26,92;496;352
bad;2016-08-10 12:45;315,15;22,88;342,24;466,4;657,39;713,33;200;200;312;1220;512;329,4;0,57;0,41;62,9;329,81;93,62;42,55;506,67;312
neutral;2016-08-10 12:50;370,24;25,51;414,59;493,16;784,83;677,33;476;476;620;1188;1096;319,5;0,55;0,38;64,88;319,88;96,36;65,4;510,67;620
neutral;2016-08-10 12:55;264,77;40,56;339,49;502,92;604,26;620;808;808;852;1189,33;1660;224,45;0,57;0,34;66,92;224,79;98,2;86,67;569,33;852
good;2016-08-10 13:00;150,5;63,07;306,08;492,88;456,58;665,33;772;772;888;1229,33;1660;142,29;0,6;0,3;65,62;142,59;99,25;97,97;564;888
good;2016-08-10 13:05;188,45;82,54;127,7;465,89;316,15;665,33;772;772;552;1252;1324;70,91;0,6;0,27;63,4;71,18;98,13;97,97;586,67;552
bad;2016-08-10 13:10;323,63;116,34;165,1;535,72;488,73;621,33;432;432;428;1189,33;860;130,45;0,56;0,26;69,19;130,71;94,44;48,65;568;428
neutral;2016-08-10 13:15;315,78;142,82;266,82;614,07;582,6;605,33;536;536;436;1201,33;972;301,14;0,53;0,29;57,23;301,43;95,83;44,58;596;436
bad;2016-08-10 13:20;238,3;180,94;349,14;719,82;587,44;630,67;648;648;792;1254,67;1440;309,24;0,53;0,29;61,38;309,24;95,83;44,58;624;792
bad;2016-08-10 13:25;160,74;239,89;309,52;825,29;470,26;637,33;888;888;904;1277,33;1792;230,74;0,49;0,38;67,76;231,12;99,41;70,14;640;904
bad;2016-08-10 13:30;165,31;265,69;221,63;920,86;386,94;641,33;1020;1020;976;1290,66;1996;164,72;0,46;0,38;83,94;165,1;99,02;80,35;649,33;976
bad;2016-08-10 13:35;199,68;301,03;199,68;920,86;386,94;649,33;1116;1116;976;1298,66;2092;96,35;0,46;0,38;83,53;96,35;99,13;96,73;649,33;976
bad;2016-08-10 13:40;176,39;376,7;67,56;1033,65;243,95;702,67;900;900;772;1326,67;1672;38,74;0,43;0,43;75,48;39,17;97,87;98,95;624;772
neutral;2016-08-10 13:45;160,03;406,36;28,3;1059,02;188,33;738,67;744;744;796;1342,67;1540;33,13;0,42;0,52;63,01;33,65;97,26;99,5;604;796
neutral;2016-08-10 13:50;186,71;463,93;19,89;1096,79;206,6;738,67;744;744;764;1341,34;1508;42,23;0,44;0,48;58,1;42,71;96,27;98,96;602,67;764
bad;2016-08-10 13:55;186,45;523,4;14,24;1145,84;200,69;773,33;764;764;756;1365,33;1520;40,06;0,51;0,36;74,45;40,42;97,37;98,48;592;756
bad;2016-08-10 14:00;141,91;551,7;12,72;1196,4;154,63;841,33;816;816;804;1432;1620;40,38;0,54;0,26;90,32;40,64;96,86;98,98;590,67;804
bad;2016-08-10 14:05;4,23;571,82;4,23;1196,4;154,63;852;684;684;756;1402,67;1440;35,49;0,53;0,31;75,26;35,8;98,52;98,92;550,67;756
bad;2016-08-10 14:10;134,44;581,3;4,92;1238,37;139,36;813,33;668;668;700;1368;1368;48,15;0,46;0,45;91,39;48,6;97,54;97,45;554,67;700
bad;2016-08-10 14:15;141,31;588,29;5,37;1248,65;146,68;798,67;636;636;616;1389,34;1252;58,54;0,5;0,57;79,07;59,11;98,36;96,73;590,67;616
bad;2016-08-10 14:20;136,08;588,29;5,37;1204,31;136,08;798,67;636;636;596;1388;1232;0,58;0,56;0,58;79,07;59,11;98,35;91,16;589,33;596
bad;2016-08-10 14:25;141,99;558,87;5,2;1223,09;147,19;817,33;584;584;604;1408;1188;66,59;0,63;0,54;56,94;67,13;99,24;93,24;590,67;604
bad;2016-08-10 14:30;153,72;563,51;3,56;1279,23;157,28;812;584;584;548;1341,33;1132;53,56;0,52;0,61;91,06;54,17;99,22;96;529,33;548
bad;2016-08-10 14:35;179,01;544,64;3,19;1336,35;182,2;802,67;572;572;480;1288;1052;0,58;0,51;0,58;91,06;54,17;99,22;96;485,33;480
bad;2016-08-10 14:40;193,94;568,89;4,13;1301,75;198,07;740;556;556;480;1221,33;1036;43,69;0,44;0,45;87,98;44,14;100;100;481,33;480
neutral;2016-08-10 14:45;144,04;562,64;4,14;1347,84;148,18;704;608;608;488;1161,33;1096;41,87;0,43;0,28;67,27;42,15;97,76;100;457,33;488
neutral;2016-08-10 14:50;193,22;562,64;4,14;1394,29;193,22;702,67;628;628;488;1160;1116;0,28;0,41;0,28;67,27;42,15;97,76;100;457,33;488
bad;2016-08-10 14:55;178,15;565,36;4,23;1325,76;182,38;745,33;688;688;480;1198,66;1168;45,31;0,38;0,35;81,19;45,66;96,62;100;453,33;480
bad;2016-08-10 15:00;189,15;551,47;4,87;1282,4;194,02;785,33;708;708;400;1224;1108;49,6;0,34;0,57;81,48;50,17;96,62;98,9;438,67;400
neutral;2016-08-10 15:05;144,79;551,47;4,87;1251,64;144,79;789,33;764;764;364;1246,66;1128;64,62;0,33;0,6;67,86;65,22;98,83;98,9;457,33;364
neutral;2016-08-10 15:10;136,63;514,61;4,79;1169,7;141,42;776;796;796;448;1280;1244;62,32;0,3;0,82;61,07;63,14;97,14;99,14;504;448
neutral;2016-08-10 15:15;124,4;492,94;11,37;1113,1;135,77;821,33;828;828;520;1352;1348;56,81;0,32;0,76;59,49;57,57;98,29;99,24;530,67;520
bad;2016-08-10 15:20;124,4;492,94;11,37;1113,1;135,77;761,33;852;852;576;1290,66;1428;49,67;0,34;0,58;65,06;50,25;94,77;99,31;529,33;576
bad;2016-08-10 15:25;150,3;488,48;12,6;1190,93;162,9;736;812;812;664;1250,67;1476;51,56;0,36;0,33;61,16;51,89;94,3;99,4;514,67;664
bad;2016-08-10 15:30;174,16;489,2;12,28;1315,89;186,44;596;784;784;712;1136;1496;47,82;0,35;0,26;59,07;48,08;93,33;99,42;540;712
neutral;2016-08-10 15:35;173,35;492,08;7,65;1572,48;181;573,33;768;768;664;1181,33;1432;46,28;0,35;0,36;63,84;46,64;95,12;99,42;608;664
neutral;2016-08-10 15:40;200,06;511,43;7,85;1688,86;207,91;540;808;808;584;1148;1392;45,42;0,35;0,59;70,34;46,01;95,56;99,33;608;584
neutral;2016-08-10 15:45;189,73;629,79;5,1;1751,39;194,83;576;776;776;560;1150,67;1336;46,13;0,36;0,86;70,92;46,99;96,49;99,28;574,67;560
neutral;2016-08-10 15:50;3,86;732,53;3,86;1751,39;194,83;650,67;764;764;560;1225,34;1324;40,33;0,36;0,9;55,33;41,23;95,73;100;574,67;560
bad;2016-08-10 15:55;199,1;854,96;3,28;1547,83;202,38;696;756;756;644;1228;1400;36,32;0,32;1,04;44,87;37,36;92,26;99,39;532;644
bad;2016-08-10 16:00;208,21;890,96;3,07;1492,22;211,28;708;744;744;656;1221,33;1400;39,1;0,3;1,05;59,47;40,15;89,87;99,38;513,33;656
bad;2016-08-10 16:05;2,92;944,29;2,92;1492,22;211,28;708;744;744;644;1190,67;1388;1,1;0,41;1,1;59,47;40,15;91,56;98,74;482,67;644
neutral;2016-08-10 16:10;229,17;979,17;3,93;1407,32;233,1;706,67;652;652;648;1184;1300;57,77;0,5;1,13;65,76;58,9;95,71;98,69;477,33;648
neutral;2016-08-10 16:15;226,39;992,53;16,32;1406,4;242,71;712;828;828;612;1192;1440;53,64;0,57;0,9;61,69;54,54;96,59;97,56;480;612
neutral;2016-08-10 16:20;260,7;1003,09;20,88;1393,46;281,58;712;828;828;656;1213,33;1484;53,79;0,51;0,66;56,54;54,45;95,91;97,56;501,33;656
neutral;2016-08-10 16:25;253,49;1052,92;21,12;1474,13;274,61;736;952;952;676;1278,67;1628;44,87;0,5;0,5;61,08;45,37;95,95;97,01;542,67;676
neutral;2016-08-10 16:30;232,34;1062,07;9,46;1479,85;241,8;626,67;636;636;652;1146,67;1288;47,8;0,46;0,58;67,8;48,38;95,49;97,3;520;652
bad;2016-08-10 16:35;199,9;1079,75;12,89;1554,63;212,79;626,67;636;636;432;1058,67;1068;50,52;0,46;0,58;102,79;50,52;95,49;90;432;432
bad;2016-08-10 16:40;209,19;1134,84;109,36;1886,14;318,55;673,33;516;516;328;1025,33;844;198,67;0,42;0,53;158,04;199,2;93,88;22,73;352;328
bad;2016-08-10 16:45;350,29;1154,9;125,36;1874,15;475,65;672;492;492;312;1034,67;804;340,44;0,36;0,34;131,65;340,78;94,12;17,07;362,67;312
bad;2016-08-10 16:50;346,5;1167,23;113,92;1781,73;460,42;736;552;552;388;1073,33;940;363,64;0,33;0,31;102,3;363,95;96,21;24,77;337,33;388
bad;2016-08-10 16:55;336,41;1143,45;40,63;1479,51;377,04;617,33;524;524;496;900;1020;266,66;0,34;0,28;68,66;266,94;95,5;56,56;282,67;496
bad;2016-08-10 17:00;233,34;1121,2;7,72;1486,78;241,06;576;396;396;472;846,67;868;170,91;0,36;0,3;53,23;171,21;97,53;82,35;270,67;472
neutral;2016-08-10 17:05;213,87;1117,01;4,32;1486,62;218,19;521,33;320;320;420;792;740;79,84;0,39;0,54;49,18;80,38;96;97,98;270,67;420
neutral;2016-08-10 17:10;172,23;1070,39;1,95;1416,05;174,18;601,33;312;312;300;845,33;612;25,55;0,46;0,73;39,49;26,28;97,26;100;244;300
neutral;2016-08-10 17:15;172,23;1070,39;1,95;1416,05;174,18;601,33;312;312;252;846,66;564;34,78;0,46;0,65;60,1;35,43;97,1;100;245,33;252
neutral;2016-08-10 17:20;3,82;1030,65;3,82;1416,05;174,18;604;336;336;252;849,33;588;34,78;0,46;0,65;60,1;35,43;97,1;100;245,33;252
bad;2016-08-10 17:25;3,82;1030,65;3,82;1416,05;174,18;604;336;336;252;849,33;588;34,78;0,46;0,65;60,1;35,43;94,79;100;245,33;252
bad;2016-08-10 17:30;3,82;1030,65;3,82;1416,05;174,18;604;336;336;388;930,67;724;77,24;0,57;0,28;58,29;77,52;94,79;96,88;326,67;388
neutral;2016-08-10 17:35;166,42;428,2;1,82;592,03;168,24;884;468;468;404;1218,67;872;69,5;0,55;0,3;68,93;69,8;94,38;97,14;334,67;404
good;2016-08-10 17:40;170,73;254,41;2,66;508,03;173,39;636;516;516;436;958,67;952;55,2;0,52;0,29;61,7;55,49;95,92;99,06;322,67;436
good;2016-08-10 17:45;170,73;254,41;2,66;508,03;173,39;636;516;516;416;988;932;56,38;0,44;0,28;58,83;56,66;98,23;98,15;352;416
good;2016-08-10 17:50;185,69;358,21;2,48;548,35;188,17;698,67;608;608;452;1076;1060;59,06;0,42;0,27;44,82;59,33;97,04;99,09;377,33;452
good;2016-08-10 17:55;193,25;358,21;2,48;540,11;193,25;709,33;644;644;464;1142,66;1108;61,28;0,46;0,26;46,47;61,54;97,99;98,29;433,33;464
good;2016-08-10 18:00;170,54;315,2;2,32;543,62;172,86;670,67;632;632;504;1081,34;1136;61,31;0,49;0,26;45,42;61,57;97,18;99,19;410,67;504
neutral;2016-08-10 18:05;173,12;243,01;3,22;501,23;176,34;645,33;604;604;492;1098,66;1096;61,66;0,53;0,28;55,95;61,94;94,85;98,32;453,33;492
neutral;2016-08-10 18:10;203,88;218,18;3,41;509,47;207,29;645,33;604;604;472;1104;1076;70,11;0,51;0,3;66,98;70,41;91,23;97,69;458,67;472
neutral;2016-08-10 18:15;229,09;119,42;3,75;490,32;232,84;701,33;568;568;460;1193,33;1028;80,9;0,49;0,29;64,69;81,19;91,27;95,87;492;460
bad;2016-08-10 18:20;242,07;126,98;2,68;488,11;244,75;714,67;608;608;452;1188;1060;85,39;0,48;0,31;61,04;85,7;85,84;93,97;473,33;452
bad;2016-08-10 18:25;240,72;84,67;3,43;455,29;244,15;666,67;580;580;508;1136;1088;94,65;0,48;0,59;47,59;95,24;79,43;93,28;469,33;508
neutral;2016-08-10 18:30;242,91;89,11;3,67;430,1;246,58;604;700;700;500;1069,33;1200;95,68;0,54;0,81;46,96;96,49;78,81;95,12;465,33;500
neutral;2016-08-10 18:35;215,99;69,21;3,85;454,96;219,84;582,67;692;692;504;1084;1196;81,32;0,54;0,78;44,17;82,1;82,53;97,52;501,33;504
neutral;2016-08-10 18:40;188,92;69,85;3,27;495,82;192,19;640;724;724;484;1164;1208;86,12;0,56;0,49;49,46;86,61;89,13;98,5;524;484
neutral;2016-08-10 18:45;181,25;84,78;2,83;476,59;184,08;665,33;708;708;572;1204;1280;68,34;0,57;0,26;49,26;68,6;91,49;98,62;538,67;572
good;2016-08-10 18:50;221,19;83,3;3,68;496,07;224,87;660;692;692;612;1200;1304;73,22;0,54;0,29;50,25;73,51;95,21;99,32;540;612
good;2016-08-10 18:55;244,04;87,82;6,79;470,4;250,83;568;764;764;552;1097,33;1316;71,78;0,52;0,48;49,12;72,26;96,3;96,88;529,33;552
bad;2016-08-10 19:00;245,47;95,74;9,55;531,41;255,02;562,67;648;648;520;1100;1168;113,65;0,5;0,73;50,84;114,38;90,77;92,14;537,33;520
bad;2016-08-10 19:05;230,36;105,69;11,54;534,97;241,9;616;740;740;520;1153,33;1260;103,49;0,52;0,87;45,6;104,36;88,46;91,37;537,33;520
bad;2016-08-10 19:10;187,61;114,24;9,45;577,77;197,06;685,33;712;712;492;1180;1204;97,45;0,48;0,84;41,46;98,29;90,84;92,13;494,67;492
bad;2016-08-10 19:15;180,53;135,69;7,69;634,33;188,22;668;724;724;544;1148;1268;85,06;0,4;0,92;50,48;85,98;94,62;94,66;480;544
neutral;2016-08-10 19:20;161,26;179,66;4,08;744,27;165,34;668;684;684;544;1148;1228;85,06;0,4;0,92;50,48;85,98;95,04;96,45;480;544
bad;2016-08-10 19:25;187,21;212,96;2,94;797,77;190,15;692;700;700;556;1149,33;1256;75,29;0,39;1,12;54,47;76,41;93,71;98,85;457,33;556
bad;2016-08-10 19:30;2,52;211,97;2,52;797,77;190,15;674,67;700;700;704;1130,67;1404;61,69;0,44;1,2;66,36;62,89;92,81;96,05;456;704
bad;2016-08-10 19:35;168,53;188,35;2,45;741,63;170,98;612;600;600;624;1041,33;1224;35,93;0,42;0,86;59,25;36,79;90,27;93,59;429,33;624
bad;2016-08-10 19:40;176,23;162,91;3,69;682,94;179,92;612;560;560;600;1052;1160;41,06;0,38;0,51;53,17;41,57;90,27;90,4;440;600
bad;2016-08-10 19:45;210,58;151;4,31;707,48;214,89;632;544;544;520;1082,67;1064;57,1;0,37;0,28;40,12;57,38;88,98;91,3;450,67;520
bad;2016-08-10 19:50;248,53;136,43;6,73;776,01;255,26;645,33;636;636;428;1090,66;1064;75,61;0,39;0,28;39,36;75,89;92,41;91,49;445,33;428
bad;2016-08-10 19:55;236,27;145,12;6,25;819,25;242,52;621,33;676;676;412;1034,66;1088;72,92;0,38;0,28;39,8;73,2;93,51;94,44;413,33;412
bad;2016-08-10 20:00;221,73;135,33;5,98;831,25;227,71;625,33;724;724;392;1037,33;1116;59,14;0,35;0,31;44,28;59,45;93,79;97,14;412;392
bad;2016-08-10 20:05;213,65;130,38;4,24;831,67;217,89;634,67;620;620;444;1049,34;1064;43,99;0,31;0,57;42,77;44,56;91,54;97,39;414,67;444
bad;2016-08-10 20:10;218,68;107,58;3,02;804,82;221,7;604;544;544;436;1026,67;980;38,87;0,3;0,81;52,22;39,68;88,79;96,23;422,67;436
bad;2016-08-10 20:15;177,93;92,51;2,59;902,65;180,52;578,67;492;492;444;990,67;936;35,13;0,34;1,08;47,15;36,21;91,45;96,36;412;444
bad;2016-08-10 20:20;157,99;93,06;2,17;942,3;160,16;589,33;548;548;444;1000;992;37,87;0,34;1,06;47,41;38,93;93,1;97,96;410,67;444
neutral;2016-08-10 20:25;175,72;99,96;2,22;942,23;177,94;568;544;544;412;992;956;31,56;0,33;1,12;40,86;32,68;95,61;98,04;424;412
neutral;2016-08-10 20:30;214,34;116,69;2,23;976,7;216,57;560;548;548;400;978,67;948;35,82;0,34;1,19;43,24;37,01;98,02;98,88;418,67;400
bad;2016-08-10 20:35;251,81;120,69;2,12;1063,68;253,93;622,67;420;420;368;986,67;788;42,71;0,37;1,06;178,06;43,77;96,43;98,72;364;368
bad;2016-08-10 20:40;268,23;110,64;2,86;1130,58;271,09;617,33;404;404;308;925,33;712;52,19;0,36;0,9;323,33;53,09;96,25;100;308;308
bad;2016-08-10 20:45;283,04;85,84;3;995,12;286,04;600;364;364;268;882,67;632;63,19;0,31;0,6;312,89;63,79;93,24;97,1;282,67;268
bad;2016-08-10 20:50;237,76;56,93;3,38;791,21;241,14;482,67;312;312;268;753,34;580;74,96;0,29;0,92;288,25;75,88;96,83;95,77;270,67;268
bad;2016-08-10 20:55;232,62;48,41;2,79;777,76;235,41;445,33;300;300;264;704;564;64,15;0,32;1,12;122,87;65,27;98,18;95;258,67;264
bad;2016-08-10 21:00;232,62;48,41;2,79;777,76;235,41;445,33;300;300;228;688;528;53,34;0,35;1,26;124,27;54,6;96,08;97,44;242,67;228
bad;2016-08-10 21:05;274,39;39,1;2,82;902,9;277,21;370,67;348;348;180;593,34;528;29,01;0,34;1,25;43,77;30,26;91,23;100;222,67;180
bad;2016-08-10 21:10;262,82;29,11;2,53;760,9;265,35;284;284;284;116;468;400;50,55;0,31;1,3;34,73;51,85;85,71;100;184;116
bad;2016-08-10 21:15;377,34;209,13;1,98;1061,26;379,32;244;204;204;64;382,67;268;26,91;0,37;0,6;43,48;27,51;84,85;100;138,67;64
bad;2016-08-10 21:20;361,17;529,29;1,04;1621,05;362,21;221,33;96;96;56;332;152;28,62;0,4;0,55;51,11;29,17;83,33;100;110,67;56
bad;2016-08-10 21:25;421,92;534,65;1,22;1645,98;423,14;226,67;84;84;48;322,67;132;20,83;0,4;1,59;58,4;22,42;85,71;92,86;96;48
bad;2016-08-10 21:30;247,11;287,26;1,43;1505,66;248,54;233,33;76;76;56;342,66;132;49,42;0,35;2,19;54,53;51,61;78,95;82,35;109,33;56
bad;2016-08-10 21:35;247,11;287,26;1,43;1505,66;248,54;233,33;76;76;72;101,33;72;110,3;0,38;2,47;48,68;112,77;78,95;82,35;101,33;72
bad;2016-08-10 21:40;247,11;287,26;1,43;1505,66;248,54;233,33;76;76;72;89,33;72;117,98;0,36;2,02;59,08;120;78,95;84,21;89,33;72
bad;2016-08-10 21:45;247,11;287,26;1,43;1505,66;248,54;233,33;76;76;76;66,67;76;60,5;0,39;1,65;56,37;62,15;78,95;95,24;66,67;76
bad;2016-08-10 21:50;247,11;287,26;1,43;1505,66;248,54;233,33;76;76;60;60;60;51,61;0,39;1,65;86,61;51,61;78,95;100;60;60
bad;2016-08-10 21:55;247,11;287,26;1,43;1505,66;248,54;233,33;76;76;68;64;68;41,97;0,42;0,76;63,92;42,73;78,95;100;64;68
bad;2016-08-10 22:00;247,11;287,26;1,43;1505,66;248,54;233,33;76;76;76;54,67;76;40,57;0,45;0,34;62,96;40,91;78,95;100;54,67;76
bad;2016-08-10 22:05;247,11;287,26;1,43;1505,66;248,54;233,33;76;76;72;56;72;35,65;0,44;1,17;41,74;36,82;78,95;100;56;72
bad;2016-08-10 22:10;247,11;287,26;1,43;1505,66;248,54;233,33;76;76;64;61,33;64;35,94;0,37;3,33;61,01;39,27;78,95;100;61,33;64
bad;2016-08-10 22:15;247,11;287,26;1,43;1505,66;248,54;233,33;76;76;44;74,67;44;49,61;0,41;6,71;68,76;56,32;78,95;100;74,67;44
bad;2016-08-10 22:20;247,11;287,26;1,43;1505,66;248,54;233,33;76;76;44;74,67;44;33,99;0,42;28,81;64,86;62,8;78,95;100;74,67;44
bad;2016-08-10 22:25;247,11;287,26;1,43;1505,66;248,54;233,33;76;76;32;74,67;32;48,2;0,42;36,84;63,4;85,04;78,95;100;74,67;32
bad;2016-08-10 22:30;247,11;287,26;1,43;1505,66;248,54;233,33;76;76;28;68;28;75,71;0,44;44,72;50,23;120,43;78,95;100;68;28
bad;2016-08-10 22:35;247,11;287,26;1,43;1505,66;248,54;233,33;76;76;20;62,67;20;97,93;0,42;45,86;49,99;143,79;78,95;100;62,67;20
bad;2016-08-10 22:40;247,11;287,26;1,43;1505,66;248,54;233,33;76;76;16;68;16;106,31;0,39;37,48;48,1;143,79;78,95;100;68;16
bad;2016-08-10 22:45;247,11;287,26;1,43;1505,66;248,54;233,33;76;76;8;70,67;8;26,32;0,4;43,51;75,94;69,83;100;100;70,67;8
bad;2016-08-10 22:50;247,11;287,26;1,43;1505,66;248,54;233,33;76;76;8;70,67;8;300,07;0,36;0,97;60,39;301,04;100;66,67;70,67;8
bad;2016-08-10 22:55;247,11;287,26;1,43;1505,66;248,54;233,33;76;76;16;65,33;16;287,57;0,34;1,13;64,52;288,7;0;66,67;65,33;16
bad;2016-08-10 23:00;247,11;287,26;1,43;1505,66;248,54;233,33;76;76;24;64;24;212,92;0,35;1,08;42,44;214;0;66,67;64;24
bad;2016-08-10 23:05;247,11;287,26;1,43;1505,66;248,54;233,33;76;76;36;49,33;36;155,77;0,38;1,15;69,98;156,92;40;70;49,33;36
bad;2016-08-10 23:10;247,11;287,26;1,43;1505,66;248,54;233,33;76;76;36;50,67;36;107,17;0,4;1,1;77,88;108,27;55,56;70;50,67;36
bad;2016-08-10 23:15;247,11;287,26;1,43;1505,66;248,54;233,33;76;76;40;38,67;40;117,03;0,28;0,97;76,69;118;50;66,67;38,67;40
bad;2016-08-10 23:20;247,11;287,26;1,43;1505,66;248,54;233,33;76;76;36;44;36;1,18;0,29;1,18;76,69;118;44,44;66,67;44;36
bad;2016-08-10 23:25;247,11;287,26;1,43;1505,66;248,54;233,33;76;76;28;44;28;148,85;0,36;1,59;54;150,44;28,57;83,33;44;28
bad;2016-08-10 23:30;247,11;287,26;1,43;1505,66;248,54;233,33;76;76;28;49,33;28;108,33;0,42;1,72;99,93;110,05;62,5;87,5;49,33;28
bad;2016-08-10 23:35;247,11;287,26;1,43;1505,66;248,54;233,33;76;76;32;53,33;32;108,33;0,42;1,72;99,93;110,05;77,78;87,5;53,33;32
bad;2016-08-10 23:40;247,11;287,26;1,43;1505,66;248,54;65,33;36;36;36;117,33;72;18,78;0,5;4,55;110,95;23,33;77,78;100;52;36
neutral;2016-08-10 23:45;147,67;0,68;2,46;352,98;150,13;58,67;24;24;28;117,34;52;13,9;0,42;2,48;84,57;16,38;100;100;58,67;28
neutral;2016-08-10 23:50;133,42;0,64;2,94;487,64;136,36;58,67;24;24;20;125,34;44;13,9;0,42;2,48;84,57;16,38;100;100;66,67;20
bad;2016-08-10 23:55;193,53;0,57;4,13;465,4;197,66;56;16;16;28;125,33;44;24,75;0,36;3,12;93,6;27,87;75;100;69,33;28
bad;2016-08-11 00:00;938,65;1;1,96;647,74;940,61;56;16;16;32;113,33;48;71,04;0,25;4,78;65,72;75,82;60;100;57,33;32
neutral;2016-08-11 00:05;938,65;0,8;1,96;587,19;940,61;81,33;20;20;20;133,33;40;103,42;0,24;5,78;40,63;109,2;75;100;52;20
bad;2016-08-11 00:10;987,48;1,07;2,55;642,43;990,03;93,33;24;24;16;142,66;40;112,92;0,29;10,68;45,72;123,6;80;100;49,33;16
neutral;2016-08-11 00:15;549,1;0,66;4,6;478,52;553,7;93,33;24;24;20;141,33;44;55,26;0,36;14,48;87,53;69,74;100;100;48;20
neutral;2016-08-11 00:20;414,3;0,96;9,54;474,6;423,84;94,67;24;24;20;142,67;44;33,67;0,42;13,36;91,09;47,03;100;100;48;20
bad;2016-08-11 00:25;195,93;0,99;9,92;447,2;205,85;101,33;24;24;20;160;44;55,08;0,41;9,78;90,29;64,86;83,33;100;58,67;20
bad;2016-08-11 00:30;212,53;0,93;7,41;1238,59;219,94;90,67;24;24;8;142,67;32;90,63;0,45;3,83;82,18;94,46;83,33;66,67;52;8
bad;2016-08-11 00:35;212,53;0,93;7,41;1238,59;219,94;90,67;24;24;12;138,67;36;285,57;0,47;1,39;94,54;286,96;100;66,67;48;12
bad;2016-08-11 00:40;254,17;685,54;1,97;1267,68;256,14;73,33;8;8;16;110,66;24;341,19;0,46;0,95;135,89;342,14;100;50;37,33;16
bad;2016-08-11 00:45;249,86;685,54;1,97;1470,26;249,86;65,33;4;4;16;110,66;20;317,43;0,4;0,41;124,76;317,84;100;66,67;45,33;16
bad;2016-08-11 00:50;249,86;685,54;1,97;1470,26;249,86;61,33;0;0;12;94,66;12;242,31;0,4;0,41;125,47;242,31;100;66,67;33,33;12
bad;2016-08-11 00:55;249,86;685,54;1,97;1470,26;249,86;76;0;0;4;110,67;4;65,06;0,37;0,26;189,14;65,32;100;33,33;34,67;4
bad;2016-08-11 01:00;249,86;685,54;1,97;1470,26;249,86;89,33;0;0;12;121,33;12;251,14;0,29;0,21;58,43;251,35;100;33,33;32;12
bad;2016-08-11 01:05;202,99;8,22;0,39;322,13;203,38;89,33;8;8;12;124;20;298,63;0,31;0,31;151,01;298,94;100;33,33;34,67;12
neutral;2016-08-11 01:10;202,99;7,08;0,39;182,08;203,38;72;8;8;12;104;20;298,64;0,28;0,3;131,68;298,94;100;100;32;12
good;2016-08-11 01:15;203,38;7,08;0,39;280,89;203,38;64;8;8;4;94,67;12;207,85;0,43;0,22;39,34;208,07;100;100;30,67;4
bad;2016-08-11 01:20;179,29;4,1;0,29;640,6;179,58;74,67;8;8;4;112;12;103,72;0,44;0,22;78,07;103,94;100;100;37,33;4
neutral;2016-08-11 01:25;179,29;0,54;0,29;760,08;179,58;92;8;8;12;138,67;20;102,06;0,38;0,22;68,46;102,28;100;100;46,67;12
bad;2016-08-11 01:30;190,81;0,39;0,26;732,72;191,07;88;12;12;12;130,67;24;190,74;0,3;0,36;67,19;191,1;75;100;42,67;12
neutral;2016-08-11 01:35;202,26;0,37;0,31;320;202,57;80;8;8;12;122,67;20;0,3;0,27;0,3;67,19;191,1;50;100;42,67;12
neutral;2016-08-11 01:40;202,26;0,35;0,31;250,69;202,57;69,33;8;8;20;118,66;28;111,28;0,39;0,36;33,99;111,64;50;100;49,33;20
good;2016-08-11 01:45;149,04;4,39;0,41;428,68;149,45;73,33;8;8;24;121,33;32;55,08;0,39;0,34;38,15;55,42;100;100;48;24
neutral;2016-08-11 01:50;148,77;7,98;0,68;435,89;149,45;82,67;4;4;16;133,34;20;59,02;0,42;0,37;80,3;59,39;100;100;50,67;16
neutral;2016-08-11 01:55;148,77;8;0,68;249,14;149,45;86,67;4;4;12;134,67;16;66,9;0,33;0,25;121,13;67,15;100;100;48;12
neutral;2016-08-11 02:00;0,19;4,88;0,19;249,14;149,45;85,33;4;4;8;128;12;67,55;0,31;0,11;127,21;67,66;100;100;42,67;8
neutral;2016-08-11 02:05;342,03;11,37;0,19;251,15;342,22;82,67;4;4;8;125,34;12;67,52;0,27;0,14;133,48;67,66;100;100;42,67;8
good;2016-08-11 02:10;342,03;13,39;0,19;227,51;342,22;76;4;4;8;109,33;12;24,95;0,3;0,17;45,53;25,12;100;100;33,33;8
good;2016-08-11 02:15;195,25;12,35;0,67;291,04;195,92;66,67;4;4;12;106,67;16;3,47;0,3;0,37;29,89;3,84;100;100;40;12
good;2016-08-11 02:20;239;0,47;0,65;253,79;239,65;66,67;8;8;20;108;28;7,16;0,3;0,56;27,18;7,72;100;100;41,33;20
good;2016-08-11 02:25;239,03;0,41;0,62;300,88;239,65;80;12;12;24;136;36;8,9;0,35;0,73;70,75;9,63;100;100;56;24
neutral;2016-08-11 02:30;244,22;0,41;0,62;170,13;244,22;89,33;12;12;16;156;28;34,54;0,29;1,32;62,16;35,86;100;92,31;66,67;16
neutral;2016-08-11 02:35;1,06;0,52;1,06;170,13;244,22;124;48;48;40;196;88;34,54;0,29;1,32;62,16;35,86;100;92,31;72;40
neutral;2016-08-11 02:40;124,51;0,54;1,38;157,51;125,89;141,33;56;56;72;225,33;128;30,16;0,27;0,98;53,14;31,14;88,89;95,45;84;72
neutral;2016-08-11 02:45;1,3;0,57;1,3;157,51;125,89;157,33;68;68;112;249,33;180;27,05;0,33;1,07;33,13;28,12;92,31;100;92;112
neutral;2016-08-11 02:50;123,2;4,02;1,21;159,37;124,41;196;84;84;104;305,33;188;27,21;0,37;1,12;31,51;28,33;92,31;96,3;109,33;104
bad;2016-08-11 02:55;182,94;4,46;1,3;146,94;184,24;218,67;148;148;112;349,34;260;37,7;0,37;1,19;44,75;38,89;92,86;92,59;130,67;112
bad;2016-08-11 03:00;162,51;6,92;1,39;177,29;163,9;268;188;188;132;413,33;320;58,45;0,36;0,99;61,29;59,44;94,59;90,62;145,33;132
neutral;2016-08-11 03:05;170,61;10,82;1,32;168,73;171,93;269,33;184;184;144;430,66;328;54,37;0,3;0,76;57,67;55,13;93,02;95;161,33;144
good;2016-08-11 03:10;133,98;13,63;0,94;195,94;134,92;273,33;192;192;184;456;376;45,56;0,31;0,45;72,29;46,01;95,24;97,83;182,67;184
good;2016-08-11 03:15;151,56;12,69;0,6;198,32;152,16;294,67;180;180;188;480;368;29,13;0,32;0,26;60,12;29,39;97,3;100;185,33;188
good;2016-08-11 03:20;194,16;6,26;0,64;266,73;194,8;277,33;164;164;172;456;336;32,16;0,33;0,26;59,97;32,42;100;100;178,67;172
good;2016-08-11 03:25;321,94;2,86;0,74;263,89;322,68;277,33;180;180;160;469,33;340;36,83;0,35;0,29;49,78;37,12;96,88;100;192;160
neutral;2016-08-11 03:30;286,15;0,66;0,81;258,27;286,96;313,33;272;272;176;544;448;30,24;0,35;0,67;50,46;30,91;94,34;100;230,67;176
neutral;2016-08-11 03:35;283,27;0,66;1;189,31;284,27;356;360;360;176;586,67;536;34,16;0,35;0,67;57,26;34,16;93,15;100;230,67;176
neutral;2016-08-11 03:40;210,08;0,83;1,55;144,83;211,63;405,33;348;348;212;701,33;560;38,89;0,37;0,98;49,32;39,87;94,74;100;296;212
good;2016-08-11 03:45;179,42;0,85;1,98;142,81;181,4;393,33;356;356;220;729,33;576;51,79;0,35;1,09;47,5;52,88;96;100;336;220
good;2016-08-11 03:50;212,76;0,74;2,12;150,89;214,88;450,67;324;324;256;828;580;50,88;0,34;1,04;52,48;51,92;97,14;100;377,33;256
good;2016-08-11 03:55;254,68;0,6;1,85;173,13;256,53;482,67;368;368;292;894,67;660;41,53;0,31;0,83;65,52;42,36;96,25;98,57;412;292
good;2016-08-11 04:00;296,8;0,66;1,72;187,95;298,52;596;352;352;292;1024;644;61,31;0,32;0,53;57,12;61,84;95,12;97,5;428;292
good;2016-08-11 04:05;245,58;0,8;1,68;191,26;247,26;596;352;352;352;1053,33;704;70,68;0,37;0,46;51,78;71,14;95,56;97,09;457,33;352
good;2016-08-11 04:10;236,3;1,84;3,19;191,08;239,49;632;428;428;444;1100;872;60,66;0,37;0,65;49,73;61,31;95,24;95,41;468;444
neutral;2016-08-11 04:15;259,37;1,84;3,27;213,16;262,64;581,33;464;464;460;1072;924;55,72;0,32;0,8;50,5;56,52;92,31;95,04;490,67;460
neutral;2016-08-11 04:20;3,13;2;3,13;213,16;262,64;581,33;464;464;460;1072;924;47,4;0,32;0,82;53;48,22;90,99;95,04;490,67;460
neutral;2016-08-11 04:25;290,66;1,02;2,23;216,99;292,89;600;500;500;500;1162,67;1000;44,21;0,35;0,64;52,54;44,85;90,65;96,77;562,67;500
neutral;2016-08-11 04:30;327,42;1,01;2,47;205,39;329,89;601,33;484;484;500;1156;984;37,04;0,37;0,53;50,15;37,57;87,72;100;554,67;500
neutral;2016-08-11 04:35;353,39;1,03;3;201,93;356,39;668;524;524;420;1190,67;944;29,16;0,38;0,57;43,56;29,73;87,72;100;522,67;420
neutral;2016-08-11 04:40;400,35;1,17;3,14;215,89;403,49;674,67;568;568;396;1202,67;964;33,3;0,37;0,77;45,46;34,07;86,33;100;528;396
neutral;2016-08-11 04:45;374,91;1,16;2,98;234,16;377,89;721,33;652;652;380;1274,66;1032;28,64;0,37;0,89;52,38;29,53;88,46;100;553,33;380
neutral;2016-08-11 04:50;378,5;1,16;2,98;257,1;378,5;742,67;652;652;404;1312;1056;29,99;0,33;0,87;51,79;30,86;88,46;100;569,33;404
neutral;2016-08-11 04:55;355,27;1;2,39;276,35;357,66;704;584;584;424;1200;1008;37,62;0,31;0,68;45,86;38,3;88,24;100;496;424
neutral;2016-08-11 05:00;342,31;1,05;1,88;275,67;344,19;642,67;488;488;352;1094,67;840;38,2;0,31;0,5;59,9;38,7;91,43;100;452;352
neutral;2016-08-11 05:05;367,85;1,05;1,88;317,66;367,85;532;440;440;352;984;792;38,2;0,31;0,5;59,9;38,7;91,76;100;452;352
bad;2016-08-11 05:10;369,28;4,37;1,09;387,48;370,37;476;320;320;248;812;568;28,87;0,36;0,32;77,44;29,19;91,67;100;336;248
neutral;2016-08-11 05:15;438,1;4,96;1,38;418,78;439,48;385,33;324;324;268;681,33;592;29,02;0,34;0,6;62,74;29,62;91,67;100;296;268
neutral;2016-08-11 05:20;438,1;4,96;1,38;418,78;439,48;346,67;308;308;268;642,67;576;0,95;0,29;0,95;62,74;29,62;84,62;100;296;268
neutral;2016-08-11 05:25;398,82;1,62;2;315,6;400,82;398,67;372;372;320;764;692;38,02;0,31;1,03;54,3;39,05;85,33;100;365,33;320
neutral;2016-08-11 05:30;398,82;1,62;2;315,6;400,82;484;468;468;408;912;876;33,79;0,33;1,24;54,39;35,03;89,66;100;428;408
good;2016-08-11 05:35;297,13;1,48;2,13;241,45;299,26;562,67;512;512;528;1052;1040;36,67;0,37;1,24;60,76;37,91;95,19;100;489,33;528
good;2016-08-11 05:40;226,86;1,47;2,34;203,34;229,2;633,33;520;520;556;1138,66;1076;29,63;0,35;1,06;60,96;30,69;97,37;100;505,33;556
good;2016-08-11 05:45;211,73;0,71;2,26;188,21;213,99;633,33;464;464;568;1133,33;1032;34,22;0,35;0,66;58,16;34,88;95,19;100;500;568
neutral;2016-08-11 05:50;250,28;0,68;1,81;229,31;252,09;633,33;464;464;500;1120;964;30,64;0,3;0,5;48,36;31,14;91,85;100;486,67;500
neutral;2016-08-11 05:55;247,21;0,9;1,56;259,15;248,77;636;584;584;480;1112;1064;27,3;0,3;0,6;56,98;27,9;92,16;100;476;480
good;2016-08-11 06:00;237,4;1,95;1,72;277,37;239,12;680;660;660;460;1198,67;1120;28,54;0,31;0,86;58,23;29,4;95,05;99,15;518,67;460
good;2016-08-11 06:05;225,58;2,35;1,84;235,83;227,42;713,33;788;788;536;1230,66;1324;26,99;0,31;0,86;61,83;26,99;95,05;97,69;517,33;536
neutral;2016-08-11 06:10;239,38;4,96;2,06;231,95;241,44;782,67;744;744;472;1312;1216;26,07;0,33;0,91;62,56;26,98;92,26;96,72;529,33;472
neutral;2016-08-11 06:15;270,12;4,2;2,07;232,41;272,19;737,33;700;700;488;1269,33;1188;29,1;0,34;0,93;62,64;30,03;91,33;96,67;532;488
neutral;2016-08-11 06:20;330,45;3,05;2,15;240,74;332,6;741,33;708;708;456;1296;1164;32,95;0,37;0,85;65,95;33,8;91,33;98,44;554,67;456
neutral;2016-08-11 06:25;317,46;1,64;2,07;264,2;319,53;726,67;748;748;596;1336;1344;31,95;0,36;0,66;65,67;32,61;92,66;99,33;609,33;596
neutral;2016-08-11 06:30;285,68;1,48;2,14;252,42;287,82;750,67;756;756;640;1418,67;1396;27,86;0,34;0,46;64,88;28,32;92,02;100;668;640
neutral;2016-08-11 06:35;3,69;1,56;3,69;252,42;287,82;814,67;680;680;640;1500;1320;25,93;0,66;2,92;62,03;28,85;92,02;100;685,33;640
good;2016-08-11 06:40;180,81;2,86;6,78;266,55;187,59;818,67;688;688;636;1489,34;1324;26,23;0,84;3,11;66,03;29,34;95,98;100;670,67;636
neutral;2016-08-11 06:45;175,03;3,76;7,5;251,68;182,53;813,33;712;712;676;1462,66;1388;28,8;0,9;2,39;84,7;31,19;97,4;99,44;649,33;676
bad;2016-08-11 06:50;173,94;3,73;5,2;211,65;179,14;765,33;688;688;792;1422,66;1480;26,57;0,69;0,57;84,94;27,14;93,08;99,44;657,33;792
bad;2016-08-11 06:55;175,18;2,1;1,58;230,37;176,76;752;668;668;784;1381,33;1452;27,33;0,56;0,35;73,23;27,68;88,73;98,01;629,33;784
neutral;2016-08-11 07:00;187,07;1,91;1,84;226,24;188,91;770,67;668;668;724;1386,67;1392;30,07;0,55;0,93;58,74;31;89,09;97,25;616;724
neutral;2016-08-11 07:05;3,78;1,79;3,78;226,24;188,91;786,67;668;668;640;1376;1308;38,01;0,55;0,93;59,14;38,01;92,41;97,48;589,33;640
good;2016-08-11 07:10;198,54;1,93;4,53;251,22;203,07;781,33;676;676;640;1370,66;1316;35,97;0,51;2,25;66,62;38,22;96,48;97,18;589,33;640
neutral;2016-08-11 07:15;221,47;1,85;6,48;275,8;227,95;720;660;660;628;1237,33;1288;53,53;0,38;2,09;68,24;55,62;93,92;97,48;517,33;628
neutral;2016-08-11 07:20;242,56;1,9;6,31;297,57;248,87;738,67;708;708;628;1256;1336;56,52;0,4;2,21;70,56;58,73;94,63;97,48;517,33;628
neutral;2016-08-11 07:25;209,69;2,12;7,08;272,78;216,77;736;728;728;640;1277,33;1368;58,81;0,44;2,6;69,24;61,41;93,55;97,14;541,33;640
neutral;2016-08-11 07:30;213,05;1,99;7,96;257,64;221,01;814,67;732;732;736;1425,34;1468;52,02;0,45;2,67;58,11;54,69;91,08;96,67;610,67;736
neutral;2016-08-11 07:35;208,14;1,75;11,15;275,02;219,29;788;720;720;716;1422,67;1436;44,22;0,45;2,67;71,67;44,22;92,31;98,87;634,67;716
good;2016-08-11 07:40;237,81;1,69;12,75;290,37;250,56;769,33;720;720;696;1352;1416;44,92;0,41;2,27;69,47;47,19;95,12;98,22;582,67;696
neutral;2016-08-11 07:45;258,69;4,14;13,21;270,53;271,9;742,67;760;760;664;1312;1424;51,18;0,38;1,65;77,39;52,83;95,68;99,36;569,33;664
neutral;2016-08-11 07:50;249,63;6,91;8,63;311,93;258,26;744;716;716;600;1309,33;1316;31,2;0,34;1,26;69,96;32,46;93,9;99,36;565,33;600
bad;2016-08-11 07:55;224,93;7,57;5,09;354,25;230,02;750,67;736;736;672;1325,34;1408;26,43;0,34;1,05;73,42;27,48;90,58;100;574,67;672
neutral;2016-08-11 08:00;216,18;7,55;2,74;376,19;218,92;757,33;660;660;640;1313,33;1300;21,73;0,36;1,07;70,82;22,8;92,96;100;556;640
good;2016-08-11 08:05;232,87;8,98;3,53;353,82;236,4;690,67;664;664;664;1213,34;1328;31,32;0,43;1,03;67,46;32,35;95,8;99,36;522,67;664
neutral;2016-08-11 08:10;212,7;19,39;3,7;333,69;216,4;666,67;584;584;564;1164;1148;37,72;0,43;0,98;81,21;38,7;98,25;99,32;497,33;564
neutral;2016-08-11 08:15;192,77;25,46;2,93;396,9;195,7;621,33;548;548;608;1076;1156;39,74;0,4;0,97;110,83;40,71;98,25;99,29;454,67;608
neutral;2016-08-11 08:20;192,2;25,19;1,78;428,97;193,98;665,33;496;496;572;1144;1068;33,77;0,34;0,91;141,55;34,68;98,17;100;478,67;572
neutral;2016-08-11 08:25;203,93;17,92;1,82;456,18;205,75;674,67;540;540;552;1156;1092;34,67;0,3;0,88;159,28;35,55;97,35;100;481,33;552
neutral;2016-08-11 08:30;222,16;12,46;1,75;476,54;223,91;709,33;564;564;548;1206,66;1112;29,96;0,32;0,88;166,26;30,84;97,5;100;497,33;548
neutral;2016-08-11 08:35;191,5;7;1,93;508,76;193,43;709,33;552;552;612;1233,33;1164;28,66;0,35;0,93;177,71;29,59;96,55;100;524;612
bad;2016-08-11 08:40;196,02;7,88;1,77;500,73;197,79;662,67;584;584;624;1198,67;1208;24,66;0,36;0,88;182,6;25,54;94,31;100;536;624
bad;2016-08-11 08:45;201,07;9,7;1,67;542,5;202,74;605,33;584;584;548;1132;1132;26,96;0,39;0,87;181,92;27,83;94,49;100;526,67;548
bad;2016-08-11 08:50;196,13;12,89;1,55;498,71;197,68;586,67;640;640;580;1017,34;1220;46,6;0,41;0,81;163,43;47,41;93,15;99,35;430,67;580
bad;2016-08-11 08:55;206,99;19,12;1,76;528,95;208,75;677,33;660;660;664;1096;1324;54,19;0,43;0,87;177,96;55,06;94,84;99,38;418,67;664
bad;2016-08-11 09:00;228,28;22,15;2,12;437,25;230,4;785,33;800;800;740;1194,66;1540;50,01;0,44;0,78;180,87;50,79;90,71;100;409,33;740
bad;2016-08-11 09:05;2,21;21,95;2,21;437,25;230,4;834,67;828;828;740;1309,34;1568;39,41;0,51;0,95;191,71;40,36;92,86;100;474,67;740
bad;2016-08-11 09:10;225,07;24,15;2,4;352,85;227,47;793,33;812;812;780;1288;1592;35,85;0,54;1,15;195,55;37;92,61;100;494,67;780
neutral;2016-08-11 09:15;226,56;21,83;2,5;397,46;229,06;786,67;740;740;832;1332;1572;50,7;0,53;1,26;345,35;51,96;96,88;99,03;545,33;832
neutral;2016-08-11 09:20;211,69;28,3;3,36;328,63;215,05;777,33;772;772;836;1404;1608;54,95;0,47;0,98;381,57;55,93;97,16;98,09;626,67;836
neutral;2016-08-11 09:25;200,76;23,22;3,74;324,94;204,5;828;776;776;696;1502,67;1472;63,03;0,46;0,88;389,4;63,91;96,99;97,89;674,67;696
bad;2016-08-11 09:30;5,25;30,06;5,25;324,94;204,5;766,67;784;784;740;1469,34;1524;61,7;0,54;0,66;307,19;62,36;94,68;96,07;702,67;740
bad;2016-08-11 09:35;197,07;35,77;11,94;308,9;209,01;753,33;700;700;740;1456;1440;0,57;0,56;0,57;307,19;62,36;92,22;95,35;702,67;740
bad;2016-08-11 09:40;226,2;46,69;19,21;332,78;245,41;780;780;780;744;1446,67;1524;67,89;0,66;0,45;195,87;68,34;92,22;95,96;666,67;744
bad;2016-08-11 09:45;222,07;39,28;16,8;318,52;238,87;816;796;796;796;1452;1592;49,3;0,69;0,46;150,05;49,76;89,6;98,86;636;796
bad;2016-08-11 09:50;205,29;22,28;11,51;310,19;216,8;828;824;824;704;1425,33;1528;42,68;0,59;0,59;124,49;43,27;88,89;98,86;597,33;704
bad;2016-08-11 09:55;175,63;17,94;4,78;301,91;180,41;810,67;916;916;712;1428;1628;26,94;0,54;0,73;106,57;27,67;90;99,45;617,33;712
bad;2016-08-11 10:00;205,29;17,94;4,78;313,7;205,29;762,67;892;892;720;1390,67;1612;26,33;0,53;0,75;85,96;27,08;92,39;100;628;720
bad;2016-08-11 10:05;189,47;22,72;2,03;324,91;191,5;750,67;796;796;704;1388;1500;21,91;0,55;0,81;90,59;22,72;93,37;100;637,33;704
neutral;2016-08-11 10:10;212,51;22,44;1,81;330,79;214,32;758,67;732;732;680;1401,34;1412;23,4;0,57;0,81;91,94;24,21;95,12;100;642,67;680
bad;2016-08-11 10:15;184,86;20,73;1,79;304,98;186,65;773,33;712;712;700;1437,33;1412;21,31;0,6;0,79;86,85;22,1;94,94;100;664;700
neutral;2016-08-11 10:20;199,6;21,55;2,03;302,81;201,63;798,67;724;724;680;1482,67;1404;0,76;0,61;0,76;86,85;22,1;96,2;100;684;680
good;2016-08-11 10:25;190,98;30,82;2,54;288,58;193,52;746,67;776;776;608;1456;1384;26,62;0,56;0,75;64,97;27,37;97,04;100;709,33;608
good;2016-08-11 10:30;219,34;31,77;3,56;284,98;222,9;813,33;796;796;588;1541,33;1384;27,87;0,46;0,78;56,57;28,65;97,31;99,4;728;588
good;2016-08-11 10:35;216,07;27,68;3,27;295,01;219,34;833,33;756;756;664;1553,33;1420;29,84;0,39;0,82;53,89;30,66;95,98;99,4;720;664
neutral;2016-08-11 10:40;189,02;23,69;1,81;289,65;190,83;842,67;720;720;696;1590,67;1416;23,34;0,34;0,92;62,49;24,26;94,3;98,27;748;696
neutral;2016-08-11 10:45;173,51;24,56;1,78;296,5;175,29;816;712;712;736;1564;1448;26,42;0,36;1,17;64,22;27,59;93,12;98,36;748;736
neutral;2016-08-11 10:50;192,17;23,55;2,39;381,71;194,56;845,33;720;720;664;1596;1384;25,75;0,39;1,24;62,89;26,99;92,16;98,26;750,67;664
neutral;2016-08-11 10:55;190,62;21,92;3,24;379,29;193,86;876;672;672;732;1645,33;1404;36,29;0,46;1,18;65,54;37,47;93,64;99,43;769,33;732
good;2016-08-11 11:00;236,52;19,7;2,94;377,7;239,46;937,33;752;752;712;1684;1464;28,41;0,52;0,76;68,16;29,17;95,24;98,85;746,67;712
good;2016-08-11 11:05;236;18,68;2,55;322,24;238,55;878,67;744;744;712;1625,34;1456;32,36;0,52;0,76;66,15;32,36;97,02;99,45;746,67;712
neutral;2016-08-11 11:10;278,11;16,32;1,4;320,7;279,51;797,33;764;764;612;1442,66;1376;23,91;0,53;0,33;58,54;24,24;94,97;98,74;645,33;612
neutral;2016-08-11 11:15;215,74;12,94;1,19;340,9;216,93;717,33;668;668;532;1288;1200;30,07;0,37;0,25;62,32;30,32;93,43;99,28;570,67;532
bad;2016-08-11 11:20;211,75;12,94;1,19;330,34;211,75;654,67;588;588;532;1225,34;1120;28,7;0,37;0,25;81,1;28,7;93,5;99,18;570,67;532
neutral;2016-08-11 11:25;215,17;6,79;1,46;342,63;216,63;636;580;580;448;1205,33;1028;36,18;0,54;0,28;137,92;36,46;96,67;100;569,33;448
neutral;2016-08-11 11:30;166,85;4,89;1,6;356,93;168,45;613,33;544;544;448;1182,66;992;41,3;0,54;0,28;118,05;41,3;96,9;100;569,33;448
neutral;2016-08-11 11:35;169,63;4,89;1,6;400,57;169,63;637,33;580;580;480;1232;1060;35,35;0,52;0,29;88,87;35,64;96,9;100;594,67;480
neutral;2016-08-11 11:40;182,78;14,39;2,09;384,43;184,87;720;556;556;476;1312;1032;0,44;0,47;0,44;88,87;35,64;95,83;100;592;476
neutral;2016-08-11 11:45;228,79;14,08;2,59;391,23;231,38;702,67;652;652;508;1312;1160;30,06;0,44;0,66;65,96;30,72;94,74;99,26;609,33;508
neutral;2016-08-11 11:50;232,45;13,97;3,11;400,94;235,56;677,33;644;644;520;1269,33;1164;22,66;0,41;0,95;71,89;23,61;94,57;98,55;592;520
neutral;2016-08-11 11:55;234,4;14,4;2,59;396,06;236,99;677,33;644;644;540;1309,33;1184;20,63;0,36;0,91;72,04;21,54;92,8;97,87;632;540
neutral;2016-08-11 12:00;225,09;9,07;3,18;384,91;228,27;672;568;568;544;1309,33;1112;22,42;0,31;0,65;67,5;23,07;90,91;97,87;637,33;544
neutral;2016-08-11 12:05;3,53;24,25;3,53;384,91;228,27;604;552;552;544;1241,33;1096;22,07;0,31;0,65;66,72;22,07;88,89;98,56;637,33;544
neutral;2016-08-11 12:10;315,87;23,07;3,85;388,09;319,72;652;488;488;500;1257,33;988;21,61;0,27;0,33;66,21;21,94;92,22;99,2;605,33;500
neutral;2016-08-11 12:15;389,33;25,68;3,46;354,36;392,79;644;472;472;464;1218,67;936;21,96;0,29;0,27;67,86;22,23;94,87;100;574,67;464
neutral;2016-08-11 12:20;425,75;25,68;3,46;361,16;425,75;640;432;432;440;1174,67;872;21,96;0,29;0,27;67,86;22,23;94,87;100;534,67;440
neutral;2016-08-11 12:25;333,82;10,38;3,37;442,47;337,19;605,33;436;436;468;1113,33;904;23,61;0,37;0,81;49,87;24,42;94,81;100;508;468
neutral;2016-08-11 12:30;218,16;10,8;3,36;420,89;221,52;642,67;392;392;480;1200;872;24,87;0,4;0,82;52,18;25,69;93,51;100;557,33;480
neutral;2016-08-11 12:35;197,7;11,13;3,17;450,43;200,87;642,67;392;392;492;1217,34;884;24,87;0,4;0,82;52,18;25,69;86,67;100;574,67;492
neutral;2016-08-11 12:40;200,48;5,5;1,29;395,22;201,77;664;488;488;428;1270,67;916;27,76;0,4;0,55;61,06;28,31;92,08;100;606,67;428
good;2016-08-11 12:45;0,59;4,31;0,59;395,22;201,77;654,67;456;456;436;1281,34;892;32,79;0,41;0,27;60,07;33,06;96,36;96,72;626,67;436
good;2016-08-11 12:50;186,68;3,89;0,69;355,41;187,37;684;492;492;436;1310,67;928;28,78;0,41;0,46;55,67;29,24;96,36;96,72;626,67;436
good;2016-08-11 12:55;267,49;4,74;0,89;424,07;268,38;690,67;472;472;552;1352;1024;32,8;0,98;0,64;43,26;33,44;95,8;95,33;661,33;552
good;2016-08-11 13:00;267,97;5,66;1,52;493,79;269,49;722,67;572;572;704;1406,67;1276;31,79;2,94;0,81;44,52;32,6;96,15;95,18;684;704
neutral;2016-08-11 13:05;267,97;5,66;1,52;493,79;269,49;748;588;588;648;1425,33;1236;39,69;4,55;0,79;57,11;40,48;97,14;94,84;677,33;648
good;2016-08-11 13:10;290,58;5,83;3,07;517,04;293,65;757,33;552;552;572;1466,66;1124;31,09;5,27;0,79;65,38;31,88;98,37;98,61;709,33;572
good;2016-08-11 13:15;297,98;6,93;4,74;461,23;302,72;810,67;640;640;580;1540;1220;28,9;5,62;0,73;70,74;29,63;95,52;99,33;729,33;580
neutral;2016-08-11 13:20;315,2;8,59;6,86;655,28;322,06;810,67;640;640;628;1513,34;1268;28,9;5,62;0,73;70,74;29,63;95,52;99,33;702,67;628
bad;2016-08-11 13:25;307,07;10,87;6,7;708,36;313,77;972;856;856;736;1688;1592;25,25;5,84;0,74;53,84;25,99;90,7;98,87;716;736
neutral;2016-08-11 13:30;270,48;8,75;5,25;612,8;275,73;782,67;932;932;768;1492;1700;24,03;5,49;0,74;54,1;24,77;89,6;98,44;709,33;768
neutral;2016-08-11 13:35;3,62;8,93;3,62;612,8;275,73;782,67;932;932;768;1492;1700;0,77;5,4;0,77;54,1;24,77;89,6;98,96;709,33;768